
--- start 2026-06-24 06:58:10.375 baud=9600 ---
[2026-06-24 06:58:19.720] MACHINE_TO_DONGLE RESYNC offset=0 score=56 preview_hex=74 79 3A 45 46 35 33 32 preview_ascii="ty:EF532"
[2026-06-24 06:58:19.720] MACHINE_TO_DONGLE DEC_BYTE raw4=DB DF FF DF -> 74 ascii="t"
[2026-06-24 06:58:19.721] MACHINE_TO_DONGLE DEC_BYTE raw4=DF FB FF DF -> 79 ascii="y"
[2026-06-24 06:58:19.721] MACHINE_TO_DONGLE DEC_BYTE raw4=FB FB FF DB -> 3A ascii=":"
[2026-06-24 06:58:19.722] MACHINE_TO_DONGLE DEC_BYTE raw4=DF DF DB DF -> 45 ascii="E"
[2026-06-24 06:58:19.722] MACHINE_TO_DONGLE DEC_BYTE raw4=FB DF DB DF -> 46 ascii="F"
[2026-06-24 06:58:19.723] MACHINE_TO_DONGLE DEC_BYTE raw4=DF DF FF DB -> 35 ascii="5"
[2026-06-24 06:58:19.723] MACHINE_TO_DONGLE DEC_BYTE raw4=FF DB FF DB -> 33 ascii="3"
[2026-06-24 06:58:19.723] MACHINE_TO_DONGLE DEC_BYTE raw4=FB DB FF DB -> 32 ascii="2"
[2026-06-24 06:58:19.744] MACHINE_TO_DONGLE DEC_BYTE raw4=DF FF DB DF -> 4D ascii="M"
[2026-06-24 06:58:19.745] MACHINE_TO_DONGLE DEC_BYTE raw4=DB DB FB DB -> 20 ascii=" "
[2026-06-24 06:58:19.745] MACHINE_TO_DONGLE DEC_BYTE raw4=FB DF DF DF -> 56 ascii="V"
[2026-06-24 06:58:19.766] MACHINE_TO_DONGLE DEC_BYTE raw4=DB DB FF DB -> 30 ascii="0"
[2026-06-24 06:58:19.787] MACHINE_TO_DONGLE DEC_BYTE raw4=FB DB FF DB -> 32 ascii="2"
[2026-06-24 06:58:19.787] MACHINE_TO_DONGLE DEC_BYTE raw4=FB FF FB DB -> 2E ascii="."
[2026-06-24 06:58:19.808] MACHINE_TO_DONGLE DEC_BYTE raw4=DB DB FF DB -> 30 ascii="0"
[2026-06-24 06:58:19.808] MACHINE_TO_DONGLE DEC_BYTE raw4=FF DB FF DB -> 33 ascii="3"
[2026-06-24 06:58:19.829] MACHINE_TO_DONGLE DEC_BYTE raw4=DF FF DB DB -> 0D ascii="\r"
[2026-06-24 06:58:19.829] MACHINE_TO_DONGLE DEC_LINE len=17 hex=74 79 3A 45 46 35 33 32 4D 20 56 30 32 2E 30 33 0D ascii="ty:EF532M V02.03\r"
[2026-06-24 06:58:19.830] MACHINE_TO_DONGLE DEC_BYTE raw4=FB FB DB DB -> 0A ascii="\n"
[2026-06-24 06:58:19.830] MACHINE_TO_DONGLE DEC_LINE len=1 hex=0A ascii="\n"
[2026-06-24 06:58:19.850] DONGLE_TO_MACHINE RESYNC offset=1 score=100 preview_hex=54 59 3A 0D 0A 40 54 31 preview_ascii="TY:\r\n@T1"
[2026-06-24 06:58:19.850] DONGLE_TO_MACHINE DEC_BYTE raw4=DB DF DF DF -> 54 ascii="T"
[2026-06-24 06:58:19.851] DONGLE_TO_MACHINE DEC_BYTE raw4=DF FB DF DF -> 59 ascii="Y"
[2026-06-24 06:58:19.851] DONGLE_TO_MACHINE DEC_BYTE raw4=FB FB FF DB -> 3A ascii=":"
[2026-06-24 06:58:19.851] DONGLE_TO_MACHINE DEC_BYTE raw4=DF FF DB DB -> 0D ascii="\r"
[2026-06-24 06:58:19.852] DONGLE_TO_MACHINE DEC_LINE len=4 hex=54 59 3A 0D ascii="TY:\r"
[2026-06-24 06:58:19.852] DONGLE_TO_MACHINE DEC_BYTE raw4=FB FB DB DB -> 0A ascii="\n"
[2026-06-24 06:58:19.853] DONGLE_TO_MACHINE DEC_LINE len=1 hex=0A ascii="\n"
[2026-06-24 06:58:19.853] DONGLE_TO_MACHINE DEC_BYTE raw4=DB DB DB DF -> 40 ascii="@"
[2026-06-24 06:58:19.853] DONGLE_TO_MACHINE DEC_BYTE raw4=DB DF DF DF -> 54 ascii="T"
[2026-06-24 06:58:19.854] DONGLE_TO_MACHINE DEC_BYTE raw4=DF DB FF DB -> 31 ascii="1"
[2026-06-24 06:58:19.860] DONGLE_TO_MACHINE DEC_BYTE raw4=DF FF DB DB -> 0D ascii="\r"
[2026-06-24 06:58:19.860] DONGLE_TO_MACHINE DEC_LINE len=4 hex=40 54 31 0D ascii="@T1\r"
[2026-06-24 06:58:19.860] DONGLE_TO_MACHINE DEC_BYTE raw4=FB FB DB DB -> 0A ascii="\n"
[2026-06-24 06:58:19.860] DONGLE_TO_MACHINE DEC_LINE len=1 hex=0A ascii="\n"
[2026-06-24 06:58:19.892] MACHINE_TO_DONGLE DEC_BYTE raw4=DB DB DB DF -> 40 ascii="@"
[2026-06-24 06:58:19.892] MACHINE_TO_DONGLE DEC_BYTE raw4=DB DF FF DF -> 74 ascii="t"
[2026-06-24 06:58:19.913] MACHINE_TO_DONGLE DEC_BYTE raw4=DF DB FF DB -> 31 ascii="1"
[2026-06-24 06:58:19.913] MACHINE_TO_DONGLE DEC_BYTE raw4=DF FF DB DB -> 0D ascii="\r"
[2026-06-24 06:58:19.913] MACHINE_TO_DONGLE DEC_LINE len=4 hex=40 74 31 0D ascii="@t1\r"
[2026-06-24 06:58:19.934] MACHINE_TO_DONGLE DEC_BYTE raw4=FB FB DB DB -> 0A ascii="\n"
[2026-06-24 06:58:19.935] MACHINE_TO_DONGLE DEC_LINE len=1 hex=0A ascii="\n"
[2026-06-24 06:58:21.889] MACHINE_TO_DONGLE DEC_BYTE raw4=DB DB DB DF -> 40 ascii="@"
[2026-06-24 06:58:21.910] MACHINE_TO_DONGLE DEC_BYTE raw4=DB DF DF DF -> 54 ascii="T"
[2026-06-24 06:58:21.911] MACHINE_TO_DONGLE DEC_BYTE raw4=FB DB FF DB -> 32 ascii="2"
[2026-06-24 06:58:21.931] MACHINE_TO_DONGLE DEC_BYTE raw4=FB FB FF DB -> 3A ascii=":"
[2026-06-24 06:58:21.932] MACHINE_TO_DONGLE DEC_BYTE raw4=DB DB FF DB -> 30 ascii="0"
[2026-06-24 06:58:21.953] MACHINE_TO_DONGLE DEC_BYTE raw4=DF DB FF DB -> 31 ascii="1"
[2026-06-24 06:58:21.953] MACHINE_TO_DONGLE DEC_BYTE raw4=DB DB FF DB -> 30 ascii="0"
[2026-06-24 06:58:21.974] MACHINE_TO_DONGLE DEC_BYTE raw4=DB DB FF DB -> 30 ascii="0"
[2026-06-24 06:58:21.995] MACHINE_TO_DONGLE DEC_BYTE raw4=DB DB FF DB -> 30 ascii="0"
[2026-06-24 06:58:21.995] MACHINE_TO_DONGLE DEC_BYTE raw4=DF DB FF DB -> 31 ascii="1"
[2026-06-24 06:58:22.016] MACHINE_TO_DONGLE DEC_BYTE raw4=FB DB DB DF -> 42 ascii="B"
[2026-06-24 06:58:22.016] MACHINE_TO_DONGLE DEC_BYTE raw4=FB DB FF DB -> 32 ascii="2"
[2026-06-24 06:58:22.037] MACHINE_TO_DONGLE DEC_BYTE raw4=FB DB FF DB -> 32 ascii="2"
[2026-06-24 06:58:22.037] MACHINE_TO_DONGLE DEC_BYTE raw4=DB FB FF DB -> 38 ascii="8"
[2026-06-24 06:58:22.058] MACHINE_TO_DONGLE DEC_BYTE raw4=DF FF DB DB -> 0D ascii="\r"
[2026-06-24 06:58:22.058] MACHINE_TO_DONGLE DEC_LINE len=15 hex=40 54 32 3A 30 31 30 30 30 31 42 32 32 38 0D ascii="@T2:010001B228\r"
[2026-06-24 06:58:22.065] DONGLE_TO_MACHINE DEC_BYTE raw4=DB DB DB DF -> 40 ascii="@"
[2026-06-24 06:58:22.071] DONGLE_TO_MACHINE DEC_BYTE raw4=DB DF FF DF -> 74 ascii="t"
[2026-06-24 06:58:22.077] DONGLE_TO_MACHINE DEC_BYTE raw4=FB DB FF DB -> 32 ascii="2"
[2026-06-24 06:58:22.079] MACHINE_TO_DONGLE DEC_BYTE raw4=FB FB DB DB -> 0A ascii="\n"
[2026-06-24 06:58:22.080] MACHINE_TO_DONGLE DEC_LINE len=1 hex=0A ascii="\n"
[2026-06-24 06:58:22.083] DONGLE_TO_MACHINE DEC_BYTE raw4=FB FB FF DB -> 3A ascii=":"
[2026-06-24 06:58:22.089] DONGLE_TO_MACHINE DEC_BYTE raw4=DB FB FF DB -> 38 ascii="8"
[2026-06-24 06:58:22.100] DONGLE_TO_MACHINE DEC_BYTE raw4=DF DB FF DB -> 31 ascii="1"
[2026-06-24 06:58:22.106] DONGLE_TO_MACHINE DEC_BYTE raw4=DB DB FF DB -> 30 ascii="0"
[2026-06-24 06:58:22.112] DONGLE_TO_MACHINE DEC_BYTE raw4=DB DB FF DB -> 30 ascii="0"
[2026-06-24 06:58:22.118] DONGLE_TO_MACHINE DEC_BYTE raw4=DB DB FF DB -> 30 ascii="0"
[2026-06-24 06:58:22.124] DONGLE_TO_MACHINE DEC_BYTE raw4=DB DB FF DB -> 30 ascii="0"
[2026-06-24 06:58:22.130] DONGLE_TO_MACHINE DEC_BYTE raw4=DB DB FF DB -> 30 ascii="0"
[2026-06-24 06:58:22.135] DONGLE_TO_MACHINE DEC_BYTE raw4=DB DB FF DB -> 30 ascii="0"
[2026-06-24 06:58:22.141] DONGLE_TO_MACHINE DEC_BYTE raw4=DB DB FF DB -> 30 ascii="0"
[2026-06-24 06:58:22.147] DONGLE_TO_MACHINE DEC_BYTE raw4=DB DB FF DB -> 30 ascii="0"
[2026-06-24 06:58:22.153] DONGLE_TO_MACHINE DEC_BYTE raw4=DF FF DB DB -> 0D ascii="\r"
[2026-06-24 06:58:22.153] DONGLE_TO_MACHINE DEC_LINE len=15 hex=40 74 32 3A 38 31 30 30 30 30 30 30 30 30 0D ascii="@t2:8100000000\r"
[2026-06-24 06:58:22.159] DONGLE_TO_MACHINE DEC_BYTE raw4=FB FB DB DB -> 0A ascii="\n"
[2026-06-24 06:58:22.160] DONGLE_TO_MACHINE DEC_LINE len=1 hex=0A ascii="\n"
[2026-06-24 06:58:24.195] MACHINE_TO_DONGLE DEC_BYTE raw4=DB DB DB DF -> 40 ascii="@"
[2026-06-24 06:58:24.195] MACHINE_TO_DONGLE DEC_BYTE raw4=DB DF DF DF -> 54 ascii="T"
[2026-06-24 06:58:24.216] MACHINE_TO_DONGLE DEC_BYTE raw4=FF DB FF DB -> 33 ascii="3"
[2026-06-24 06:58:24.216] MACHINE_TO_DONGLE DEC_BYTE raw4=FB FB FF DB -> 3A ascii=":"
[2026-06-24 06:58:24.237] MACHINE_TO_DONGLE DEC_BYTE raw4=FF DB FF DB -> 33 ascii="3"
[2026-06-24 06:58:24.258] MACHINE_TO_DONGLE DEC_BYTE raw4=FF DB DB DF -> 43 ascii="C"
[2026-06-24 06:58:24.259] MACHINE_TO_DONGLE DEC_BYTE raw4=DF DB FF DB -> 31 ascii="1"
[2026-06-24 06:58:24.279] MACHINE_TO_DONGLE DEC_BYTE raw4=DF DB FF DB -> 31 ascii="1"
[2026-06-24 06:58:24.280] MACHINE_TO_DONGLE DEC_BYTE raw4=DF DF DB DF -> 45 ascii="E"
[2026-06-24 06:58:24.300] MACHINE_TO_DONGLE DEC_BYTE raw4=FB DF DB DF -> 46 ascii="F"
[2026-06-24 06:58:24.301] MACHINE_TO_DONGLE DEC_BYTE raw4=DF DF FF DB -> 35 ascii="5"
[2026-06-24 06:58:24.321] MACHINE_TO_DONGLE DEC_BYTE raw4=FF DB FF DB -> 33 ascii="3"
[2026-06-24 06:58:24.342] MACHINE_TO_DONGLE DEC_BYTE raw4=FB DB FF DB -> 32 ascii="2"
[2026-06-24 06:58:24.343] MACHINE_TO_DONGLE DEC_BYTE raw4=DF FF DB DF -> 4D ascii="M"
[2026-06-24 06:58:24.363] MACHINE_TO_DONGLE DEC_BYTE raw4=DB DB FB DB -> 20 ascii=" "
[2026-06-24 06:58:24.364] MACHINE_TO_DONGLE DEC_BYTE raw4=FB DF DF DF -> 56 ascii="V"
[2026-06-24 06:58:24.384] MACHINE_TO_DONGLE DEC_BYTE raw4=DB DB FF DB -> 30 ascii="0"
[2026-06-24 06:58:24.385] MACHINE_TO_DONGLE DEC_BYTE raw4=FB DB FF DB -> 32 ascii="2"
[2026-06-24 06:58:24.405] MACHINE_TO_DONGLE DEC_BYTE raw4=FB FF FB DB -> 2E ascii="."
[2026-06-24 06:58:24.426] MACHINE_TO_DONGLE DEC_BYTE raw4=DB DB FF DB -> 30 ascii="0"
[2026-06-24 06:58:24.426] MACHINE_TO_DONGLE DEC_BYTE raw4=FF DB FF DB -> 33 ascii="3"
[2026-06-24 06:58:24.447] MACHINE_TO_DONGLE DEC_BYTE raw4=DF FF DB DB -> 0D ascii="\r"
[2026-06-24 06:58:24.447] MACHINE_TO_DONGLE DEC_LINE len=22 hex=40 54 33 3A 33 43 31 31 45 46 35 33 32 4D 20 56 30 32 2E 30 33 0D ascii="@T3:3C11EF532M V02.03\r"
[2026-06-24 06:58:24.448] MACHINE_TO_DONGLE DEC_BYTE raw4=FB FB DB DB -> 0A ascii="\n"
[2026-06-24 06:58:24.448] MACHINE_TO_DONGLE DEC_LINE len=1 hex=0A ascii="\n"
[2026-06-24 06:58:24.449] DONGLE_TO_MACHINE DEC_BYTE raw4=DB DB DB DF -> 40 ascii="@"
[2026-06-24 06:58:24.455] DONGLE_TO_MACHINE DEC_BYTE raw4=DB DF FF DF -> 74 ascii="t"
[2026-06-24 06:58:24.461] DONGLE_TO_MACHINE DEC_BYTE raw4=FF DB FF DB -> 33 ascii="3"
[2026-06-24 06:58:24.467] DONGLE_TO_MACHINE DEC_BYTE raw4=DF FF DB DB -> 0D ascii="\r"
[2026-06-24 06:58:24.467] DONGLE_TO_MACHINE DEC_LINE len=4 hex=40 74 33 0D ascii="@t3\r"
[2026-06-24 06:58:24.478] DONGLE_TO_MACHINE DEC_BYTE raw4=FB FB DB DB -> 0A ascii="\n"
[2026-06-24 06:58:24.479] DONGLE_TO_MACHINE DEC_LINE len=1 hex=0A ascii="\n"
[2026-06-24 06:58:26.502] MACHINE_TO_DONGLE DEC_BYTE raw4=FB DF FB DB -> 26 ascii="&"
[2026-06-24 06:58:26.563] MACHINE_TO_DONGLE DEC_BYTE raw4=FF DF FF DB -> 37 ascii="7"
[2026-06-24 06:58:26.584] MACHINE_TO_DONGLE DEC_BYTE raw4=DB FB FF DF -> 78 ascii="x"
[2026-06-24 06:58:26.625] MACHINE_TO_DONGLE DEC_BYTE raw4=FF FF DF DF -> 5F ascii="_"
[2026-06-24 06:58:26.726] MACHINE_TO_DONGLE DEC_BYTE raw4=DF DF DB DF -> 45 ascii="E"
[2026-06-24 06:58:26.727] MACHINE_TO_DONGLE DEC_BYTE raw4=DF DF FB DF -> 65 ascii="e"
[2026-06-24 06:58:26.768] MACHINE_TO_DONGLE DEC_BYTE raw4=DF FF DB DB -> 0D ascii="\r"
[2026-06-24 06:58:26.768] MACHINE_TO_DONGLE DEC_LINE len=23 hex=26 1B A6 E9 BF 37 78 F1 C7 D6 5F EA BE E7 1B 8A E6 D7 45 65 92 A2 0D ascii="&....7x..._.......Ee..\r"
[2026-06-24 06:58:26.778] DONGLE_TO_MACHINE DEC_BYTE raw4=FB DF FB DB -> 26 ascii="&"
[2026-06-24 06:58:26.789] MACHINE_TO_DONGLE DEC_BYTE raw4=FB FB DB DB -> 0A ascii="\n"
[2026-06-24 06:58:26.790] MACHINE_TO_DONGLE DEC_LINE len=1 hex=0A ascii="\n"
[2026-06-24 06:58:26.795] DONGLE_TO_MACHINE DEC_BYTE raw4=DF DB FF DF -> 71 ascii="q"
[2026-06-24 06:58:26.801] DONGLE_TO_MACHINE DEC_BYTE raw4=DF FB FB DF -> 69 ascii="i"
[2026-06-24 06:58:26.829] DONGLE_TO_MACHINE DEC_BYTE raw4=FF FF DF DF -> 5F ascii="_"
[2026-06-24 06:58:26.840] DONGLE_TO_MACHINE DEC_BYTE raw4=DF FF DB DB -> 0D ascii="\r"
[2026-06-24 06:58:26.840] DONGLE_TO_MACHINE DEC_LINE len=11 hex=26 DF F4 71 69 10 A2 CD 5F AD 0D ascii="&..qi..._.\r"
[2026-06-24 06:58:26.846] DONGLE_TO_MACHINE DEC_BYTE raw4=FB FB DB DB -> 0A ascii="\n"
[2026-06-24 06:58:26.846] DONGLE_TO_MACHINE DEC_LINE len=1 hex=0A ascii="\n"
[2026-06-24 06:58:26.871] MACHINE_TO_DONGLE DEC_BYTE raw4=FB DF FB DB -> 26 ascii="&"
[2026-06-24 06:58:26.892] MACHINE_TO_DONGLE DEC_BYTE raw4=DB DB FF DF -> 70 ascii="p"
[2026-06-24 06:58:26.933] MACHINE_TO_DONGLE DEC_BYTE raw4=DF FB DB DF -> 49 ascii="I"
[2026-06-24 06:58:27.034] MACHINE_TO_DONGLE DEC_BYTE raw4=FB FB FF DF -> 7A ascii="z"
[2026-06-24 06:58:27.055] MACHINE_TO_DONGLE DEC_BYTE raw4=FF FF DF DF -> 5F ascii="_"
[2026-06-24 06:58:27.055] MACHINE_TO_DONGLE DEC_BYTE raw4=FF DF DB DF -> 47 ascii="G"
[2026-06-24 06:58:27.076] MACHINE_TO_DONGLE DEC_BYTE raw4=FB FB FF DF -> 7A ascii="z"
[2026-06-24 06:58:27.097] MACHINE_TO_DONGLE DEC_BYTE raw4=FB FB DF DF -> 5A ascii="Z"
[2026-06-24 06:58:27.097] MACHINE_TO_DONGLE DEC_BYTE raw4=DF FF FF DF -> 7D ascii="}"
[2026-06-24 06:58:27.178] MACHINE_TO_DONGLE DEC_BYTE raw4=FB FB DF DF -> 5A ascii="Z"
[2026-06-24 06:58:27.199] MACHINE_TO_DONGLE DEC_BYTE raw4=DF FF DB DB -> 0D ascii="\r"
[2026-06-24 06:58:27.200] MACHINE_TO_DONGLE DEC_LINE len=28 hex=26 70 06 0F F8 49 F8 01 7F B0 FD ED EC 97 7A 5F 47 7A 5A 7D AD 81 DD 81 C6 5A 8E 0D ascii="&p...I........z_GzZ}.....Z.\r"
[2026-06-24 06:58:27.200] MACHINE_TO_DONGLE DEC_BYTE raw4=FB FB DB DB -> 0A ascii="\n"
[2026-06-24 06:58:27.201] MACHINE_TO_DONGLE DEC_LINE len=1 hex=0A ascii="\n"
[2026-06-24 06:58:27.205] DONGLE_TO_MACHINE DEC_BYTE raw4=FB DF FB DB -> 26 ascii="&"
[2026-06-24 06:58:27.211] DONGLE_TO_MACHINE DEC_BYTE raw4=DF FB FB DF -> 69 ascii="i"
[2026-06-24 06:58:27.217] DONGLE_TO_MACHINE DEC_BYTE raw4=DF DB FF DF -> 71 ascii="q"
[2026-06-24 06:58:27.233] DONGLE_TO_MACHINE DEC_BYTE raw4=DB DF DB DF -> 44 ascii="D"
[2026-06-24 06:58:27.239] DONGLE_TO_MACHINE DEC_BYTE raw4=DF DB FF DB -> 31 ascii="1"
[2026-06-24 06:58:27.245] DONGLE_TO_MACHINE DEC_BYTE raw4=FB DB FB DF -> 62 ascii="b"
[2026-06-24 06:58:27.251] DONGLE_TO_MACHINE DEC_BYTE raw4=DF FF DB DB -> 0D ascii="\r"
[2026-06-24 06:58:27.251] DONGLE_TO_MACHINE DEC_LINE len=8 hex=26 69 71 92 44 31 62 0D ascii="&iq.D1b\r"
[2026-06-24 06:58:27.257] DONGLE_TO_MACHINE DEC_BYTE raw4=FB FB DB DB -> 0A ascii="\n"
[2026-06-24 06:58:27.257] DONGLE_TO_MACHINE DEC_LINE len=1 hex=0A ascii="\n"
[2026-06-24 06:58:27.282] MACHINE_TO_DONGLE DEC_BYTE raw4=FB DF FB DB -> 26 ascii="&"
[2026-06-24 06:58:27.323] MACHINE_TO_DONGLE DEC_BYTE raw4=DB FB DF DF -> 58 ascii="X"
[2026-06-24 06:58:27.364] MACHINE_TO_DONGLE DEC_BYTE raw4=DF FF DB DB -> 0D ascii="\r"
[2026-06-24 06:58:27.364] MACHINE_TO_DONGLE DEC_LINE len=8 hex=26 AB 82 BB 58 9A F3 0D ascii="&...X..\r"
[2026-06-24 06:58:27.385] MACHINE_TO_DONGLE DEC_BYTE raw4=FB FB DB DB -> 0A ascii="\n"
[2026-06-24 06:58:27.385] MACHINE_TO_DONGLE DEC_LINE len=1 hex=0A ascii="\n"
[2026-06-24 06:58:30.840] DONGLE_TO_MACHINE DEC_BYTE raw4=FB DF FB DB -> 26 ascii="&"
[2026-06-24 06:58:30.846] DONGLE_TO_MACHINE DEC_BYTE raw4=DB DF DB DF -> 44 ascii="D"
[2026-06-24 06:58:30.884] DONGLE_TO_MACHINE DEC_BYTE raw4=DF FF DB DB -> 0D ascii="\r"
[2026-06-24 06:58:30.884] DONGLE_TO_MACHINE DEC_LINE len=8 hex=26 44 F4 9D 9F CE BD 0D ascii="&D.....\r"
[2026-06-24 06:58:30.890] DONGLE_TO_MACHINE DEC_BYTE raw4=FB FB DB DB -> 0A ascii="\n"
[2026-06-24 06:58:30.890] DONGLE_TO_MACHINE DEC_LINE len=1 hex=0A ascii="\n"
[2026-06-24 06:58:30.910] MACHINE_TO_DONGLE DEC_BYTE raw4=FB DF FB DB -> 26 ascii="&"
[2026-06-24 06:58:30.930] MACHINE_TO_DONGLE DEC_BYTE raw4=DB FB DB DF -> 48 ascii="H"
[2026-06-24 06:58:30.971] MACHINE_TO_DONGLE DEC_BYTE raw4=FF DF DF DF -> 57 ascii="W"
[2026-06-24 06:58:30.972] MACHINE_TO_DONGLE DEC_BYTE raw4=FB DB FB DB -> 22 ascii="""
[2026-06-24 06:58:30.992] MACHINE_TO_DONGLE DEC_BYTE raw4=DF FF DB DB -> 0D ascii="\r"
[2026-06-24 06:58:30.993] MACHINE_TO_DONGLE DEC_LINE len=8 hex=26 48 E9 E9 57 22 C6 0D ascii="&H..W".\r"
[2026-06-24 06:58:31.013] MACHINE_TO_DONGLE DEC_BYTE raw4=FB FB DB DB -> 0A ascii="\n"
[2026-06-24 06:58:31.014] MACHINE_TO_DONGLE DEC_LINE len=1 hex=0A ascii="\n"
[2026-06-24 06:58:32.927] MACHINE_TO_DONGLE DEC_BYTE raw4=FB DF FB DB -> 26 ascii="&"
[2026-06-24 06:58:32.928] MACHINE_TO_DONGLE DEC_BYTE raw4=DB DF DB DF -> 44 ascii="D"
[2026-06-24 06:58:33.070] MACHINE_TO_DONGLE DEC_BYTE raw4=DB FB FF DF -> 78 ascii="x"
[2026-06-24 06:58:33.071] MACHINE_TO_DONGLE DEC_BYTE raw4=FF DF DF DF -> 57 ascii="W"
[2026-06-24 06:58:33.092] MACHINE_TO_DONGLE DEC_BYTE raw4=FF DF FF DF -> 77 ascii="w"
[2026-06-24 06:58:33.113] MACHINE_TO_DONGLE DEC_BYTE raw4=FF DB DF DF -> 53 ascii="S"
[2026-06-24 06:58:33.133] MACHINE_TO_DONGLE DEC_BYTE raw4=DF DB FB DB -> 21 ascii="!"
[2026-06-24 06:58:33.134] MACHINE_TO_DONGLE DEC_BYTE raw4=DF FF DB DB -> 0D ascii="\r"
[2026-06-24 06:58:33.134] MACHINE_TO_DONGLE DEC_LINE len=19 hex=26 44 F4 9D 93 8F 8E 86 DF 17 17 FA 78 57 77 AE 53 21 0D ascii="&D..........xWw.S!\r"
[2026-06-24 06:58:33.146] DONGLE_TO_MACHINE DEC_BYTE raw4=FB DF FB DB -> 26 ascii="&"
[2026-06-24 06:58:33.155] MACHINE_TO_DONGLE DEC_BYTE raw4=FB FB DB DB -> 0A ascii="\n"
[2026-06-24 06:58:33.156] MACHINE_TO_DONGLE DEC_LINE len=1 hex=0A ascii="\n"
[2026-06-24 06:58:33.215] DONGLE_TO_MACHINE DEC_BYTE raw4=DB DF DB DF -> 44 ascii="D"
[2026-06-24 06:58:33.227] DONGLE_TO_MACHINE DEC_BYTE raw4=DF FB FF DF -> 79 ascii="y"
[2026-06-24 06:58:33.254] DONGLE_TO_MACHINE DEC_BYTE raw4=DF DF FF DB -> 35 ascii="5"
[2026-06-24 06:58:33.260] DONGLE_TO_MACHINE DEC_BYTE raw4=DF FF DB DB -> 0D ascii="\r"
[2026-06-24 06:58:33.260] DONGLE_TO_MACHINE DEC_LINE len=19 hex=26 88 DC E1 B0 B9 AF 10 89 9E 81 44 0C 79 FA D2 F3 35 0D ascii="&..........D.y...5\r"
[2026-06-24 06:58:33.266] DONGLE_TO_MACHINE DEC_BYTE raw4=FB FB DB DB -> 0A ascii="\n"
[2026-06-24 06:58:33.266] DONGLE_TO_MACHINE DEC_LINE len=1 hex=0A ascii="\n"
[2026-06-24 06:58:35.291] MACHINE_TO_DONGLE DEC_BYTE raw4=FB DF FB DB -> 26 ascii="&"
[2026-06-24 06:58:35.372] MACHINE_TO_DONGLE DEC_BYTE raw4=DB DB DF DF -> 50 ascii="P"
[2026-06-24 06:58:35.393] MACHINE_TO_DONGLE DEC_BYTE raw4=DB FF DB DF -> 4C ascii="L"
[2026-06-24 06:58:35.434] MACHINE_TO_DONGLE DEC_BYTE raw4=DB FB FB DF -> 68 ascii="h"
[2026-06-24 06:58:35.435] MACHINE_TO_DONGLE DEC_BYTE raw4=FF DF FF DF -> 77 ascii="w"
[2026-06-24 06:58:35.496] MACHINE_TO_DONGLE DEC_BYTE raw4=FF DF FB DB -> 27 ascii="'"
[2026-06-24 06:58:35.597] MACHINE_TO_DONGLE DEC_BYTE raw4=DB FF DF DF -> 5C ascii="\"
[2026-06-24 06:58:35.614] DONGLE_TO_MACHINE DEC_BYTE raw4=FB DF FB DB -> 26 ascii="&"
[2026-06-24 06:58:35.618] MACHINE_TO_DONGLE DEC_BYTE raw4=DF FF DB DB -> 0D ascii="\r"
[2026-06-24 06:58:35.618] MACHINE_TO_DONGLE DEC_LINE len=27 hex=26 B9 03 88 EF EC E5 50 4C CE BC 68 77 C7 1B 8D 27 FF 95 C6 18 C4 FF A6 EE 5C 0D ascii="&......PL..hw...'........\\r"
[2026-06-24 06:58:35.619] MACHINE_TO_DONGLE DEC_BYTE raw4=FB FB DB DB -> 0A ascii="\n"
[2026-06-24 06:58:35.619] MACHINE_TO_DONGLE DEC_LINE len=1 hex=0A ascii="\n"
[2026-06-24 06:58:35.664] DONGLE_TO_MACHINE DEC_BYTE raw4=DF FF DB DB -> 0D ascii="\r"
[2026-06-24 06:58:35.665] DONGLE_TO_MACHINE DEC_LINE len=8 hex=26 87 AA 9C 17 88 91 0D ascii="&......\r"
[2026-06-24 06:58:35.671] DONGLE_TO_MACHINE DEC_BYTE raw4=FB FB DB DB -> 0A ascii="\n"
[2026-06-24 06:58:35.671] DONGLE_TO_MACHINE DEC_LINE len=1 hex=0A ascii="\n"
[2026-06-24 06:58:37.693] MACHINE_TO_DONGLE DEC_BYTE raw4=FB DF FB DB -> 26 ascii="&"
[2026-06-24 06:58:37.734] MACHINE_TO_DONGLE DEC_BYTE raw4=FB DF FF DB -> 36 ascii="6"
[2026-06-24 06:58:37.734] MACHINE_TO_DONGLE DEC_BYTE raw4=FB FF FB DF -> 6E ascii="n"
[2026-06-24 06:58:37.796] MACHINE_TO_DONGLE DEC_BYTE raw4=DF DF DF DF -> 55 ascii="U"
[2026-06-24 06:58:37.837] MACHINE_TO_DONGLE DEC_BYTE raw4=FB FB DF DF -> 5A ascii="Z"
[2026-06-24 06:58:37.878] MACHINE_TO_DONGLE DEC_BYTE raw4=DF FB FB DF -> 69 ascii="i"
[2026-06-24 06:58:37.919] MACHINE_TO_DONGLE DEC_BYTE raw4=DB DF FB DF -> 64 ascii="d"
[2026-06-24 06:58:37.919] MACHINE_TO_DONGLE DEC_BYTE raw4=DB DF FB DF -> 64 ascii="d"
[2026-06-24 06:58:37.940] MACHINE_TO_DONGLE DEC_BYTE raw4=FF FB DF DF -> 5B ascii="["
[2026-06-24 06:58:37.940] MACHINE_TO_DONGLE DEC_BYTE raw4=DF FF DB DB -> 0D ascii="\r"
[2026-06-24 06:58:37.940] MACHINE_TO_DONGLE DEC_LINE len=22 hex=26 B5 D4 36 6E D1 F5 E9 55 FA 97 FA 5A 1B A6 69 F4 99 64 64 5B 0D ascii="&..6n...U...Z..i..dd[\r"
[2026-06-24 06:58:37.957] DONGLE_TO_MACHINE DEC_BYTE raw4=FB DF FB DB -> 26 ascii="&"
[2026-06-24 06:58:37.961] MACHINE_TO_DONGLE DEC_BYTE raw4=FB FB DB DB -> 0A ascii="\n"
[2026-06-24 06:58:37.961] MACHINE_TO_DONGLE DEC_LINE len=1 hex=0A ascii="\n"
[2026-06-24 06:58:37.979] DONGLE_TO_MACHINE DEC_BYTE raw4=FB FF FB DF -> 6E ascii="n"
[2026-06-24 06:58:38.017] DONGLE_TO_MACHINE DEC_BYTE raw4=DB FB FF DF -> 78 ascii="x"
[2026-06-24 06:58:38.023] DONGLE_TO_MACHINE DEC_BYTE raw4=DF FF DB DB -> 0D ascii="\r"
[2026-06-24 06:58:38.023] DONGLE_TO_MACHINE DEC_LINE len=11 hex=26 FF 9A 6E 9E A6 C5 B3 AA 78 0D ascii="&..n.....x\r"
[2026-06-24 06:58:38.029] DONGLE_TO_MACHINE DEC_BYTE raw4=FB FB DB DB -> 0A ascii="\n"
[2026-06-24 06:58:38.029] DONGLE_TO_MACHINE DEC_LINE len=1 hex=0A ascii="\n"
[2026-06-24 06:58:38.042] MACHINE_TO_DONGLE DEC_BYTE raw4=FB DF FB DB -> 26 ascii="&"
[2026-06-24 06:58:38.083] MACHINE_TO_DONGLE DEC_BYTE raw4=DB FF FB DF -> 6C ascii="l"
[2026-06-24 06:58:38.084] MACHINE_TO_DONGLE DEC_BYTE raw4=FB DF FB DF -> 66 ascii="f"
[2026-06-24 06:58:38.104] MACHINE_TO_DONGLE DEC_BYTE raw4=DB FF DF DF -> 5C ascii="\"
[2026-06-24 06:58:38.145] MACHINE_TO_DONGLE DEC_BYTE raw4=DF FB DF DF -> 59 ascii="Y"
[2026-06-24 06:58:38.186] MACHINE_TO_DONGLE DEC_BYTE raw4=FB FF DF DF -> 5E ascii="^"
[2026-06-24 06:58:38.247] MACHINE_TO_DONGLE DEC_BYTE raw4=DB FF DF DF -> 5C ascii="\"
[2026-06-24 06:58:38.288] MACHINE_TO_DONGLE DEC_BYTE raw4=DB DF DF DF -> 54 ascii="T"
[2026-06-24 06:58:38.308] MACHINE_TO_DONGLE DEC_BYTE raw4=DF DF DF DF -> 55 ascii="U"
[2026-06-24 06:58:38.329] MACHINE_TO_DONGLE DEC_BYTE raw4=FF DF FB DF -> 67 ascii="g"
[2026-06-24 06:58:38.370] MACHINE_TO_DONGLE DEC_BYTE raw4=DF FF DB DB -> 0D ascii="\r"
[2026-06-24 06:58:38.371] MACHINE_TO_DONGLE DEC_LINE len=28 hex=26 94 6C 66 5C B9 11 59 E7 D0 F1 04 5E C5 DC F4 E9 5C FD 9F 54 55 FE 67 11 CC A1 0D ascii="&.lf\..Y....^....\..TU.g...\r"
[2026-06-24 06:58:38.392] MACHINE_TO_DONGLE DEC_BYTE raw4=FB FB DB DB -> 0A ascii="\n"
[2026-06-24 06:58:38.393] MACHINE_TO_DONGLE DEC_LINE len=1 hex=0A ascii="\n"
[2026-06-24 06:58:40.045] MACHINE_TO_DONGLE DEC_BYTE raw4=FB DF FB DB -> 26 ascii="&"
[2026-06-24 06:58:40.086] MACHINE_TO_DONGLE DEC_BYTE raw4=FB DB FB DF -> 62 ascii="b"
[2026-06-24 06:58:40.168] MACHINE_TO_DONGLE DEC_BYTE raw4=FB FF DB DF -> 4E ascii="N"
[2026-06-24 06:58:40.249] MACHINE_TO_DONGLE DEC_BYTE raw4=DF FB FF DF -> 79 ascii="y"
[2026-06-24 06:58:40.290] MACHINE_TO_DONGLE DEC_BYTE raw4=FF DF FB DF -> 67 ascii="g"
[2026-06-24 06:58:40.291] MACHINE_TO_DONGLE DEC_BYTE raw4=DF FF DB DB -> 0D ascii="\r"
[2026-06-24 06:58:40.291] MACHINE_TO_DONGLE DEC_LINE len=21 hex=26 04 EF 62 F3 DC 97 8C 8E 85 4E C2 17 FF C4 A0 79 A9 A5 67 0D ascii="&..b......N.....y..g\r"
[2026-06-24 06:58:40.312] MACHINE_TO_DONGLE DEC_BYTE raw4=FB FB DB DB -> 0A ascii="\n"
[2026-06-24 06:58:40.313] MACHINE_TO_DONGLE DEC_LINE len=1 hex=0A ascii="\n"
[2026-06-24 06:58:40.560] DONGLE_TO_MACHINE DEC_BYTE raw4=FB DF FB DB -> 26 ascii="&"
[2026-06-24 06:58:40.592] DONGLE_TO_MACHINE DEC_BYTE raw4=DB DB DF DF -> 50 ascii="P"
[2026-06-24 06:58:40.597] DONGLE_TO_MACHINE DEC_BYTE raw4=FF DF DB DF -> 47 ascii="G"
[2026-06-24 06:58:40.603] DONGLE_TO_MACHINE DEC_BYTE raw4=DF FF FF DF -> 7D ascii="}"
[2026-06-24 06:58:40.624] DONGLE_TO_MACHINE DEC_BYTE raw4=DF FF DB DB -> 0D ascii="\r"
[2026-06-24 06:58:40.625] DONGLE_TO_MACHINE DEC_LINE len=11 hex=26 B1 DC B6 EA 50 47 7D E2 C8 0D ascii="&....PG}..\r"
[2026-06-24 06:58:40.630] DONGLE_TO_MACHINE DEC_BYTE raw4=FB FB DB DB -> 0A ascii="\n"
[2026-06-24 06:58:40.631] DONGLE_TO_MACHINE DEC_LINE len=1 hex=0A ascii="\n"
[2026-06-24 06:58:40.655] MACHINE_TO_DONGLE DEC_BYTE raw4=FB DF FB DB -> 26 ascii="&"
[2026-06-24 06:58:40.716] MACHINE_TO_DONGLE DEC_BYTE raw4=DF FB FB DB -> 29 ascii=")"
[2026-06-24 06:58:40.717] MACHINE_TO_DONGLE DEC_BYTE raw4=DB FF DF DF -> 5C ascii="\"
[2026-06-24 06:58:40.738] MACHINE_TO_DONGLE DEC_BYTE raw4=DF FF DB DB -> 0D ascii="\r"
[2026-06-24 06:58:40.738] MACHINE_TO_DONGLE DEC_LINE len=8 hex=26 FF 9A 0E BF 29 5C 0D ascii="&....)\\r"
[2026-06-24 06:58:40.758] MACHINE_TO_DONGLE DEC_BYTE raw4=FB FB DB DB -> 0A ascii="\n"
[2026-06-24 06:58:40.759] MACHINE_TO_DONGLE DEC_LINE len=1 hex=0A ascii="\n"
[2026-06-24 06:58:40.890] DONGLE_TO_MACHINE DEC_BYTE raw4=FB DF FB DB -> 26 ascii="&"
[2026-06-24 06:58:40.927] DONGLE_TO_MACHINE DEC_BYTE raw4=FB DF DF DF -> 56 ascii="V"
[2026-06-24 06:58:40.948] DONGLE_TO_MACHINE DEC_BYTE raw4=DF FB FB DF -> 69 ascii="i"
[2026-06-24 06:58:40.954] DONGLE_TO_MACHINE DEC_BYTE raw4=DF FF DB DB -> 0D ascii="\r"
[2026-06-24 06:58:40.954] DONGLE_TO_MACHINE DEC_LINE len=11 hex=26 C9 AC 9D D7 D4 56 02 EB 69 0D ascii="&.....V..i\r"
[2026-06-24 06:58:40.960] DONGLE_TO_MACHINE DEC_BYTE raw4=FB FB DB DB -> 0A ascii="\n"
[2026-06-24 06:58:40.960] DONGLE_TO_MACHINE DEC_LINE len=1 hex=0A ascii="\n"
[2026-06-24 06:58:40.981] MACHINE_TO_DONGLE DEC_BYTE raw4=FB DF FB DB -> 26 ascii="&"
[2026-06-24 06:58:41.083] MACHINE_TO_DONGLE DEC_BYTE raw4=FB FB FF DF -> 7A ascii="z"
[2026-06-24 06:58:41.103] MACHINE_TO_DONGLE DEC_BYTE raw4=DF DB DB DF -> 41 ascii="A"
[2026-06-24 06:58:41.104] MACHINE_TO_DONGLE DEC_BYTE raw4=DB FF FB DF -> 6C ascii="l"
[2026-06-24 06:58:41.165] MACHINE_TO_DONGLE DEC_BYTE raw4=DF FF DB DB -> 0D ascii="\r"
[2026-06-24 06:58:41.166] MACHINE_TO_DONGLE DEC_LINE len=16 hex=26 EC FD F0 D9 80 82 D7 7A 41 6C 1A 04 9B DF 0D ascii="&.......zAl....\r"
[2026-06-24 06:58:41.187] MACHINE_TO_DONGLE DEC_BYTE raw4=FB FB DB DB -> 0A ascii="\n"
[2026-06-24 06:58:41.188] MACHINE_TO_DONGLE DEC_LINE len=1 hex=0A ascii="\n"
[2026-06-24 06:58:41.971] DONGLE_TO_MACHINE DEC_BYTE raw4=FB DF FB DB -> 26 ascii="&"
[2026-06-24 06:58:42.003] DONGLE_TO_MACHINE DEC_BYTE raw4=FB FF DF DF -> 5E ascii="^"
[2026-06-24 06:58:42.015] DONGLE_TO_MACHINE DEC_BYTE raw4=FB DB DB DF -> 42 ascii="B"
[2026-06-24 06:58:42.031] DONGLE_TO_MACHINE DEC_BYTE raw4=DF FF DB DB -> 0D ascii="\r"
[2026-06-24 06:58:42.032] DONGLE_TO_MACHINE DEC_LINE len=11 hex=26 A6 01 D5 C5 5E 99 42 EA 98 0D ascii="&....^.B..\r"
[2026-06-24 06:58:42.038] DONGLE_TO_MACHINE DEC_BYTE raw4=FB FB DB DB -> 0A ascii="\n"
[2026-06-24 06:58:42.038] DONGLE_TO_MACHINE DEC_LINE len=1 hex=0A ascii="\n"
[2026-06-24 06:58:42.054] MACHINE_TO_DONGLE DEC_BYTE raw4=FB DF FB DB -> 26 ascii="&"
[2026-06-24 06:58:42.075] MACHINE_TO_DONGLE DEC_BYTE raw4=DF FF DB DF -> 4D ascii="M"
[2026-06-24 06:58:42.096] MACHINE_TO_DONGLE DEC_BYTE raw4=DB DF DF DF -> 54 ascii="T"
[2026-06-24 06:58:42.096] MACHINE_TO_DONGLE DEC_BYTE raw4=FF FB DF DF -> 5B ascii="["
[2026-06-24 06:58:42.117] MACHINE_TO_DONGLE DEC_BYTE raw4=FB FF FF DB -> 3E ascii=">"
[2026-06-24 06:58:42.118] MACHINE_TO_DONGLE DEC_BYTE raw4=DB FF FF DB -> 3C ascii="<"
[2026-06-24 06:58:42.139] MACHINE_TO_DONGLE DEC_BYTE raw4=DF DB FF DB -> 31 ascii="1"
[2026-06-24 06:58:42.140] MACHINE_TO_DONGLE DEC_BYTE raw4=DF FF DB DB -> 0D ascii="\r"
[2026-06-24 06:58:42.141] MACHINE_TO_DONGLE DEC_LINE len=8 hex=26 4D 54 5B 3E 3C 31 0D ascii="&MT[><1\r"
[2026-06-24 06:58:42.161] MACHINE_TO_DONGLE DEC_BYTE raw4=FB FB DB DB -> 0A ascii="\n"
[2026-06-24 06:58:42.162] MACHINE_TO_DONGLE DEC_LINE len=1 hex=0A ascii="\n"
[2026-06-24 06:58:44.076] MACHINE_TO_DONGLE DEC_BYTE raw4=FB DF FB DB -> 26 ascii="&"
[2026-06-24 06:58:44.097] MACHINE_TO_DONGLE DEC_BYTE raw4=DB DF FB DB -> 24 ascii="$"
[2026-06-24 06:58:44.118] MACHINE_TO_DONGLE DEC_BYTE raw4=DF DB DF DF -> 51 ascii="Q"
[2026-06-24 06:58:44.219] MACHINE_TO_DONGLE DEC_BYTE raw4=FF DF FF DF -> 77 ascii="w"
[2026-06-24 06:58:44.260] MACHINE_TO_DONGLE DEC_BYTE raw4=DF DF DF DF -> 55 ascii="U"
[2026-06-24 06:58:44.281] MACHINE_TO_DONGLE DEC_BYTE raw4=FB FB FF DF -> 7A ascii="z"
[2026-06-24 06:58:44.302] MACHINE_TO_DONGLE DEC_BYTE raw4=DF DF FB DB -> 25 ascii="%"
[2026-06-24 06:58:44.302] MACHINE_TO_DONGLE DEC_BYTE raw4=DF FF DB DB -> 0D ascii="\r"
[2026-06-24 06:58:44.302] MACHINE_TO_DONGLE DEC_LINE len=21 hex=26 CE 24 A8 51 0C 15 F3 AE 9C B7 F1 77 8D F2 FC 55 7A B0 25 0D ascii="&.$.Q.......w...Uz.%\r"
[2026-06-24 06:58:44.323] MACHINE_TO_DONGLE DEC_BYTE raw4=FB FB DB DB -> 0A ascii="\n"
[2026-06-24 06:58:44.324] MACHINE_TO_DONGLE DEC_LINE len=1 hex=0A ascii="\n"
[2026-06-24 06:58:46.075] MACHINE_TO_DONGLE DEC_BYTE raw4=FB DF FB DB -> 26 ascii="&"
[2026-06-24 06:58:46.157] MACHINE_TO_DONGLE DEC_BYTE raw4=FB FB FF DF -> 7A ascii="z"
[2026-06-24 06:58:46.178] MACHINE_TO_DONGLE DEC_BYTE raw4=FF FF FB DF -> 6F ascii="o"
[2026-06-24 06:58:46.179] MACHINE_TO_DONGLE DEC_BYTE raw4=DF FF FB DF -> 6D ascii="m"
[2026-06-24 06:58:46.220] MACHINE_TO_DONGLE DEC_BYTE raw4=DF FB FB DF -> 69 ascii="i"
[2026-06-24 06:58:46.281] MACHINE_TO_DONGLE DEC_BYTE raw4=FF DB FB DB -> 23 ascii="#"
[2026-06-24 06:58:46.302] MACHINE_TO_DONGLE DEC_BYTE raw4=FB FF DF DF -> 5E ascii="^"
[2026-06-24 06:58:46.323] MACHINE_TO_DONGLE DEC_BYTE raw4=DF FF DB DB -> 0D ascii="\r"
[2026-06-24 06:58:46.324] MACHINE_TO_DONGLE DEC_LINE len=22 hex=26 BA BE A7 8A C5 08 7A 6F 6D C6 1B 9B 69 FF AE 91 23 89 5E 13 0D ascii="&......zom...i...#.^.\r"
[2026-06-24 06:58:46.345] MACHINE_TO_DONGLE DEC_BYTE raw4=FB FB DB DB -> 0A ascii="\n"
[2026-06-24 06:58:46.346] MACHINE_TO_DONGLE DEC_LINE len=1 hex=0A ascii="\n"
[2026-06-24 06:58:46.367] MACHINE_TO_DONGLE DEC_BYTE raw4=FB DF FB DB -> 26 ascii="&"
[2026-06-24 06:58:46.367] MACHINE_TO_DONGLE DEC_BYTE raw4=DF FF FB DB -> 2D ascii="-"
[2026-06-24 06:58:46.387] MACHINE_TO_DONGLE DEC_BYTE raw4=DB DB DB DF -> 40 ascii="@"
[2026-06-24 06:58:46.429] MACHINE_TO_DONGLE DEC_BYTE raw4=DB DF FF DF -> 74 ascii="t"
[2026-06-24 06:58:46.449] MACHINE_TO_DONGLE DEC_BYTE raw4=DB FF FB DF -> 6C ascii="l"
[2026-06-24 06:58:46.531] MACHINE_TO_DONGLE DEC_BYTE raw4=FB FF FB DB -> 2E ascii="."
[2026-06-24 06:58:46.551] MACHINE_TO_DONGLE DEC_BYTE raw4=FF DF DB DF -> 47 ascii="G"
[2026-06-24 06:58:46.572] MACHINE_TO_DONGLE DEC_BYTE raw4=DB DB DF DF -> 50 ascii="P"
[2026-06-24 06:58:46.593] MACHINE_TO_DONGLE DEC_BYTE raw4=DF FF DB DB -> 0D ascii="\r"
[2026-06-24 06:58:46.593] MACHINE_TO_DONGLE DEC_LINE len=21 hex=26 2D 09 40 10 74 0E 0E 6C 1A 04 15 F3 AE 9D 2E 47 92 50 A3 0D ascii="&-\t@.t..l.......G.P.\r"
[2026-06-24 06:58:46.614] MACHINE_TO_DONGLE DEC_BYTE raw4=FB FB DB DB -> 0A ascii="\n"
[2026-06-24 06:58:46.614] MACHINE_TO_DONGLE DEC_LINE len=1 hex=0A ascii="\n"
[2026-06-24 06:58:48.347] MACHINE_TO_DONGLE DEC_BYTE raw4=FB DF FB DB -> 26 ascii="&"
[2026-06-24 06:58:48.368] MACHINE_TO_DONGLE DEC_BYTE raw4=DF FF DF DF -> 5D ascii="]"
[2026-06-24 06:58:48.429] MACHINE_TO_DONGLE DEC_BYTE raw4=DB FF DF DF -> 5C ascii="\"
[2026-06-24 06:58:48.430] MACHINE_TO_DONGLE DEC_BYTE raw4=FB FF FB DB -> 2E ascii="."
[2026-06-24 06:58:48.450] MACHINE_TO_DONGLE DEC_BYTE raw4=DB DF DF DF -> 54 ascii="T"
[2026-06-24 06:58:48.471] MACHINE_TO_DONGLE DEC_BYTE raw4=DF FB FF DF -> 79 ascii="y"
[2026-06-24 06:58:48.492] MACHINE_TO_DONGLE DEC_BYTE raw4=FF DF DB DF -> 47 ascii="G"
[2026-06-24 06:58:48.573] MACHINE_TO_DONGLE DEC_BYTE raw4=DF FB FB DB -> 29 ascii=")"
[2026-06-24 06:58:48.594] MACHINE_TO_DONGLE DEC_BYTE raw4=DB FF DF DF -> 5C ascii="\"
[2026-06-24 06:58:48.594] MACHINE_TO_DONGLE DEC_BYTE raw4=DF FF DB DB -> 0D ascii="\r"
[2026-06-24 06:58:48.595] MACHINE_TO_DONGLE DEC_LINE len=22 hex=26 5D 1B 8D D0 A7 5C 2E E6 54 79 47 07 FF A5 E9 89 A3 FC 29 5C 0D ascii="&]....\..TyG.......)\\r"
[2026-06-24 06:58:48.615] MACHINE_TO_DONGLE DEC_BYTE raw4=FB FB DB DB -> 0A ascii="\n"
[2026-06-24 06:58:48.616] MACHINE_TO_DONGLE DEC_LINE len=1 hex=0A ascii="\n"
[2026-06-24 06:58:50.349] MACHINE_TO_DONGLE DEC_BYTE raw4=FB DF FB DB -> 26 ascii="&"
[2026-06-24 06:58:50.370] MACHINE_TO_DONGLE DEC_BYTE raw4=FB FB FB DF -> 6A ascii="j"
[2026-06-24 06:58:50.391] MACHINE_TO_DONGLE DEC_BYTE raw4=FF FB FF DF -> 7B ascii="{"
[2026-06-24 06:58:50.493] MACHINE_TO_DONGLE DEC_BYTE raw4=DB FF DF DF -> 5C ascii="\"
[2026-06-24 06:58:50.514] MACHINE_TO_DONGLE DEC_BYTE raw4=DF DF FB DB -> 25 ascii="%"
[2026-06-24 06:58:50.514] MACHINE_TO_DONGLE DEC_BYTE raw4=DB FF FF DF -> 7C ascii="|"
[2026-06-24 06:58:50.596] MACHINE_TO_DONGLE DEC_BYTE raw4=DF FF DB DB -> 0D ascii="\r"
[2026-06-24 06:58:50.597] MACHINE_TO_DONGLE DEC_LINE len=21 hex=26 E1 6A 7B D0 E2 A7 FC 17 F6 18 5C A4 25 7C B7 C2 C4 88 19 0D ascii="&.j{.......\.%|.....\r"
[2026-06-24 06:58:50.618] MACHINE_TO_DONGLE DEC_BYTE raw4=FB FB DB DB -> 0A ascii="\n"
[2026-06-24 06:58:50.619] MACHINE_TO_DONGLE DEC_LINE len=1 hex=0A ascii="\n"
[2026-06-24 06:58:52.352] MACHINE_TO_DONGLE DEC_BYTE raw4=FB DF FB DB -> 26 ascii="&"
[2026-06-24 06:58:52.373] MACHINE_TO_DONGLE DEC_BYTE raw4=FF DF DF DF -> 57 ascii="W"
[2026-06-24 06:58:52.434] MACHINE_TO_DONGLE DEC_BYTE raw4=FF DB FF DF -> 73 ascii="s"
[2026-06-24 06:58:52.475] MACHINE_TO_DONGLE DEC_BYTE raw4=DB FF FB DF -> 6C ascii="l"
[2026-06-24 06:58:52.577] MACHINE_TO_DONGLE DEC_BYTE raw4=FB DF FB DF -> 66 ascii="f"
[2026-06-24 06:58:52.618] MACHINE_TO_DONGLE DEC_BYTE raw4=DF FF DB DB -> 0D ascii="\r"
[2026-06-24 06:58:52.619] MACHINE_TO_DONGLE DEC_LINE len=22 hex=26 57 A2 EA 9C F6 73 19 B8 DE 6C CB 92 EC CD 1B 8A 19 BA 66 16 0D ascii="&W....s...l........f.\r"
[2026-06-24 06:58:52.620] MACHINE_TO_DONGLE DEC_BYTE raw4=FB FB DB DB -> 0A ascii="\n"
[2026-06-24 06:58:52.621] MACHINE_TO_DONGLE DEC_LINE len=1 hex=0A ascii="\n"
[2026-06-24 06:58:53.065] MACHINE_TO_DONGLE DEC_BYTE raw4=FB DF FB DB -> 26 ascii="&"
[2026-06-24 06:58:53.127] MACHINE_TO_DONGLE DEC_BYTE raw4=DB DB FB DB -> 20 ascii=" "
[2026-06-24 06:58:53.148] MACHINE_TO_DONGLE DEC_BYTE raw4=FB DF FF DF -> 76 ascii="v"
[2026-06-24 06:58:53.189] MACHINE_TO_DONGLE DEC_BYTE raw4=FF FF FB DF -> 6F ascii="o"
[2026-06-24 06:58:53.230] MACHINE_TO_DONGLE DEC_BYTE raw4=DB FF DF DF -> 5C ascii="\"
[2026-06-24 06:58:53.250] MACHINE_TO_DONGLE DEC_BYTE raw4=DB FF FB DB -> 2C ascii=","
[2026-06-24 06:58:53.272] MACHINE_TO_DONGLE DEC_BYTE raw4=DF DF FB DB -> 25 ascii="%"
[2026-06-24 06:58:53.272] MACHINE_TO_DONGLE DEC_BYTE raw4=DB FF FF DF -> 7C ascii="|"
[2026-06-24 06:58:53.293] MACHINE_TO_DONGLE DEC_BYTE raw4=DF DB FB DB -> 21 ascii="!"
[2026-06-24 06:58:53.314] MACHINE_TO_DONGLE DEC_BYTE raw4=DF FF DB DB -> 0D ascii="\r"
[2026-06-24 06:58:53.314] MACHINE_TO_DONGLE DEC_LINE len=21 hex=26 81 8C BD 90 20 A1 76 ED A7 6F C2 C4 18 5C 2C 25 7C 21 BE 0D ascii="&.... .v..o...\,%|!.\r"
[2026-06-24 06:58:53.315] MACHINE_TO_DONGLE DEC_BYTE raw4=FB FB DB DB -> 0A ascii="\n"
[2026-06-24 06:58:53.315] MACHINE_TO_DONGLE DEC_LINE len=1 hex=0A ascii="\n"
[2026-06-24 06:58:53.518] DONGLE_TO_MACHINE DEC_BYTE raw4=FB DF FB DB -> 26 ascii="&"
[2026-06-24 06:58:53.578] DONGLE_TO_MACHINE DEC_BYTE raw4=DB DB FB DB -> 20 ascii=" "
[2026-06-24 06:58:53.584] DONGLE_TO_MACHINE DEC_BYTE raw4=DF FF DB DB -> 0D ascii="\r"
[2026-06-24 06:58:53.584] DONGLE_TO_MACHINE DEC_LINE len=11 hex=26 9C 11 03 FA 8E DB B5 AF 20 0D ascii="&........ \r"
[2026-06-24 06:58:53.590] DONGLE_TO_MACHINE DEC_BYTE raw4=FB FB DB DB -> 0A ascii="\n"
[2026-06-24 06:58:53.591] DONGLE_TO_MACHINE DEC_LINE len=1 hex=0A ascii="\n"
[2026-06-24 06:58:53.617] MACHINE_TO_DONGLE DEC_BYTE raw4=FB DF FB DB -> 26 ascii="&"
[2026-06-24 06:58:53.679] MACHINE_TO_DONGLE DEC_BYTE raw4=FF DF FB DF -> 67 ascii="g"
[2026-06-24 06:58:53.699] MACHINE_TO_DONGLE DEC_BYTE raw4=DF FF DB DB -> 0D ascii="\r"
[2026-06-24 06:58:53.700] MACHINE_TO_DONGLE DEC_LINE len=8 hex=26 A6 01 05 B5 A5 67 0D ascii="&.....g\r"
[2026-06-24 06:58:53.721] MACHINE_TO_DONGLE DEC_BYTE raw4=FB FB DB DB -> 0A ascii="\n"
[2026-06-24 06:58:53.721] MACHINE_TO_DONGLE DEC_LINE len=1 hex=0A ascii="\n"
[2026-06-24 06:58:53.849] DONGLE_TO_MACHINE DEC_BYTE raw4=FB DF FB DB -> 26 ascii="&"
[2026-06-24 06:58:53.855] DONGLE_TO_MACHINE DEC_BYTE raw4=FF DF DF DF -> 57 ascii="W"
[2026-06-24 06:58:53.905] DONGLE_TO_MACHINE DEC_BYTE raw4=DB DF DB DF -> 44 ascii="D"
[2026-06-24 06:58:53.916] DONGLE_TO_MACHINE DEC_BYTE raw4=DB FF FB DF -> 6C ascii="l"
[2026-06-24 06:58:53.933] DONGLE_TO_MACHINE DEC_BYTE raw4=DF FF DB DB -> 0D ascii="\r"
[2026-06-24 06:58:53.934] DONGLE_TO_MACHINE DEC_LINE len=14 hex=26 57 A2 EA 99 F6 C4 19 44 DE 6C E4 CB 0D ascii="&W......D.l..\r"
[2026-06-24 06:58:53.940] DONGLE_TO_MACHINE DEC_BYTE raw4=FB FB DB DB -> 0A ascii="\n"
[2026-06-24 06:58:53.940] DONGLE_TO_MACHINE DEC_LINE len=1 hex=0A ascii="\n"
[2026-06-24 06:58:53.964] MACHINE_TO_DONGLE DEC_BYTE raw4=FB DF FB DB -> 26 ascii="&"
[2026-06-24 06:58:53.984] MACHINE_TO_DONGLE DEC_BYTE raw4=DB DB FB DB -> 20 ascii=" "
[2026-06-24 06:58:53.985] MACHINE_TO_DONGLE DEC_BYTE raw4=FB FF DF DF -> 5E ascii="^"
[2026-06-24 06:58:54.047] MACHINE_TO_DONGLE DEC_BYTE raw4=DF FF DF DF -> 5D ascii="]"
[2026-06-24 06:58:54.087] MACHINE_TO_DONGLE DEC_BYTE raw4=FB FF FF DF -> 7E ascii="~"
[2026-06-24 06:58:54.108] MACHINE_TO_DONGLE DEC_BYTE raw4=FF FB FB DB -> 2B ascii="+"
[2026-06-24 06:58:54.149] MACHINE_TO_DONGLE DEC_BYTE raw4=DF FF DB DB -> 0D ascii="\r"
[2026-06-24 06:58:54.150] MACHINE_TO_DONGLE DEC_LINE len=17 hex=26 20 5E DB DF 9D FB 5D EF 86 7E ED 2B 8B D4 CF 0D ascii="& ^....]..~.+...\r"
[2026-06-24 06:58:54.170] MACHINE_TO_DONGLE DEC_BYTE raw4=FB FB DB DB -> 0A ascii="\n"
[2026-06-24 06:58:54.171] MACHINE_TO_DONGLE DEC_LINE len=1 hex=0A ascii="\n"
[2026-06-24 06:58:55.561] DONGLE_TO_MACHINE DEC_BYTE raw4=FB DF FB DB -> 26 ascii="&"
[2026-06-24 06:58:55.567] DONGLE_TO_MACHINE DEC_BYTE raw4=DB DF DB DF -> 44 ascii="D"
[2026-06-24 06:58:55.610] DONGLE_TO_MACHINE DEC_BYTE raw4=DB DF FB DF -> 64 ascii="d"
[2026-06-24 06:58:55.616] DONGLE_TO_MACHINE DEC_BYTE raw4=FB FF DB DF -> 4E ascii="N"
[2026-06-24 06:58:55.622] DONGLE_TO_MACHINE DEC_BYTE raw4=DF FF DB DB -> 0D ascii="\r"
[2026-06-24 06:58:55.622] DONGLE_TO_MACHINE DEC_LINE len=11 hex=26 44 F4 9D 12 8F 8E 8C 64 4E 0D ascii="&D......dN\r"
[2026-06-24 06:58:55.628] DONGLE_TO_MACHINE DEC_BYTE raw4=FB FB DB DB -> 0A ascii="\n"
[2026-06-24 06:58:55.629] DONGLE_TO_MACHINE DEC_LINE len=1 hex=0A ascii="\n"
[2026-06-24 06:58:55.650] MACHINE_TO_DONGLE DEC_BYTE raw4=FB DF FB DB -> 26 ascii="&"
[2026-06-24 06:58:55.670] MACHINE_TO_DONGLE DEC_BYTE raw4=FB DF DF DF -> 56 ascii="V"
[2026-06-24 06:58:55.691] MACHINE_TO_DONGLE DEC_BYTE raw4=FB DB FB DF -> 62 ascii="b"
[2026-06-24 06:58:55.732] MACHINE_TO_DONGLE DEC_BYTE raw4=DB DB FF DF -> 70 ascii="p"
[2026-06-24 06:58:55.732] MACHINE_TO_DONGLE DEC_BYTE raw4=DF FF DB DB -> 0D ascii="\r"
[2026-06-24 06:58:55.732] MACHINE_TO_DONGLE DEC_LINE len=8 hex=26 56 FE 62 DF 15 70 0D ascii="&V.b..p\r"
[2026-06-24 06:58:55.753] MACHINE_TO_DONGLE DEC_BYTE raw4=FB FB DB DB -> 0A ascii="\n"
[2026-06-24 06:58:55.753] MACHINE_TO_DONGLE DEC_LINE len=1 hex=0A ascii="\n"
[2026-06-24 06:58:57.668] MACHINE_TO_DONGLE DEC_BYTE raw4=FB DF FB DB -> 26 ascii="&"
[2026-06-24 06:58:57.668] MACHINE_TO_DONGLE DEC_BYTE raw4=DF FF FF DF -> 7D ascii="}"
[2026-06-24 06:58:57.709] MACHINE_TO_DONGLE DEC_BYTE raw4=DF FF FB DB -> 2D ascii="-"
[2026-06-24 06:58:57.750] MACHINE_TO_DONGLE DEC_BYTE raw4=DB DF DF DF -> 54 ascii="T"
[2026-06-24 06:58:57.751] MACHINE_TO_DONGLE DEC_BYTE raw4=DF FB FF DF -> 79 ascii="y"
[2026-06-24 06:58:57.872] MACHINE_TO_DONGLE DEC_BYTE raw4=FF DF DB DF -> 47 ascii="G"
[2026-06-24 06:58:57.872] MACHINE_TO_DONGLE DEC_BYTE raw4=FF DF DF DF -> 57 ascii="W"
[2026-06-24 06:58:57.893] MACHINE_TO_DONGLE DEC_BYTE raw4=DF FB DF DF -> 59 ascii="Y"
[2026-06-24 06:58:57.893] MACHINE_TO_DONGLE DEC_BYTE raw4=DF FF DB DB -> 0D ascii="\r"
[2026-06-24 06:58:57.893] MACHINE_TO_DONGLE DEC_LINE len=21 hex=26 7D B4 BB E2 2D E6 54 79 91 07 FF A5 E9 DE 90 FC 47 57 59 0D ascii="&}...-.Ty........GWY\r"
[2026-06-24 06:58:57.914] MACHINE_TO_DONGLE DEC_BYTE raw4=FB FB DB DB -> 0A ascii="\n"
[2026-06-24 06:58:57.914] MACHINE_TO_DONGLE DEC_LINE len=1 hex=0A ascii="\n"
[2026-06-24 06:58:59.667] MACHINE_TO_DONGLE DEC_BYTE raw4=FB DF FB DB -> 26 ascii="&"
[2026-06-24 06:58:59.668] MACHINE_TO_DONGLE DEC_BYTE raw4=DF FF FF DB -> 3D ascii="="
[2026-06-24 06:58:59.689] MACHINE_TO_DONGLE DEC_BYTE raw4=DF FB FB DB -> 29 ascii=")"
[2026-06-24 06:58:59.730] MACHINE_TO_DONGLE DEC_BYTE raw4=FF DB DF DF -> 53 ascii="S"
[2026-06-24 06:58:59.751] MACHINE_TO_DONGLE DEC_BYTE raw4=FF FF FB DB -> 2F ascii="/"
[2026-06-24 06:58:59.772] MACHINE_TO_DONGLE DEC_BYTE raw4=DB DB DF DF -> 50 ascii="P"
[2026-06-24 06:58:59.792] MACHINE_TO_DONGLE DEC_BYTE raw4=FF DF DB DF -> 47 ascii="G"
[2026-06-24 06:58:59.914] MACHINE_TO_DONGLE DEC_BYTE raw4=DF FF DB DB -> 0D ascii="\r"
[2026-06-24 06:58:59.915] MACHINE_TO_DONGLE DEC_LINE len=22 hex=26 3D 29 E1 BE E8 53 2F E6 50 FC 47 07 FF A5 04 DE A3 D1 1B A6 0D ascii="&=)...S/.P.G.........\r"
[2026-06-24 06:58:59.936] MACHINE_TO_DONGLE DEC_BYTE raw4=FB FB DB DB -> 0A ascii="\n"
[2026-06-24 06:58:59.937] MACHINE_TO_DONGLE DEC_LINE len=1 hex=0A ascii="\n"
[2026-06-24 06:59:01.669] MACHINE_TO_DONGLE DEC_BYTE raw4=FB DF FB DB -> 26 ascii="&"
[2026-06-24 06:59:01.730] MACHINE_TO_DONGLE DEC_BYTE raw4=DF DF FB DB -> 25 ascii="%"
[2026-06-24 06:59:01.751] MACHINE_TO_DONGLE DEC_BYTE raw4=DF DF DF DF -> 55 ascii="U"
[2026-06-24 06:59:01.773] MACHINE_TO_DONGLE DEC_BYTE raw4=FB FB FF DF -> 7A ascii="z"
[2026-06-24 06:59:01.814] MACHINE_TO_DONGLE DEC_BYTE raw4=FB FF FB DB -> 2E ascii="."
[2026-06-24 06:59:01.875] MACHINE_TO_DONGLE DEC_BYTE raw4=DF FF DF DF -> 5D ascii="]"
[2026-06-24 06:59:01.876] MACHINE_TO_DONGLE DEC_BYTE raw4=FB DB FF DF -> 72 ascii="r"
[2026-06-24 06:59:01.916] MACHINE_TO_DONGLE DEC_BYTE raw4=DF FF DB DB -> 0D ascii="\r"
[2026-06-24 06:59:01.917] MACHINE_TO_DONGLE DEC_LINE len=21 hex=26 EF 01 93 EA F3 25 55 7A BF ED 83 2E BC B4 F5 D4 5D 72 BC 0D ascii="&.....%Uz........]r.\r"
[2026-06-24 06:59:01.917] MACHINE_TO_DONGLE DEC_BYTE raw4=FB FB DB DB -> 0A ascii="\n"
[2026-06-24 06:59:01.918] MACHINE_TO_DONGLE DEC_LINE len=1 hex=0A ascii="\n"
[2026-06-24 06:59:03.507] DONGLE_TO_MACHINE DEC_BYTE raw4=FB DF FB DB -> 26 ascii="&"
[2026-06-24 06:59:03.519] DONGLE_TO_MACHINE DEC_BYTE raw4=FF FF DB DF -> 4F ascii="O"
[2026-06-24 06:59:03.526] DONGLE_TO_MACHINE DEC_BYTE raw4=FB DB FB DF -> 62 ascii="b"
[2026-06-24 06:59:03.538] DONGLE_TO_MACHINE DEC_BYTE raw4=FF FB FF DB -> 3B ascii=";"
[2026-06-24 06:59:03.544] DONGLE_TO_MACHINE DEC_BYTE raw4=DB DB FF DF -> 70 ascii="p"
[2026-06-24 06:59:03.567] DONGLE_TO_MACHINE DEC_BYTE raw4=FB DF DF DF -> 56 ascii="V"
[2026-06-24 06:59:03.573] DONGLE_TO_MACHINE DEC_BYTE raw4=DF FF DB DB -> 0D ascii="\r"
[2026-06-24 06:59:03.574] DONGLE_TO_MACHINE DEC_LINE len=11 hex=26 4F 62 1A 3B 70 B7 F0 AF 56 0D ascii="&Ob.;p...V\r"
[2026-06-24 06:59:03.580] DONGLE_TO_MACHINE DEC_BYTE raw4=FB FB DB DB -> 0A ascii="\n"
[2026-06-24 06:59:03.581] DONGLE_TO_MACHINE DEC_LINE len=1 hex=0A ascii="\n"
[2026-06-24 06:59:03.611] MACHINE_TO_DONGLE DEC_BYTE raw4=FB DF FB DB -> 26 ascii="&"
[2026-06-24 06:59:03.612] MACHINE_TO_DONGLE DEC_BYTE raw4=FB FB FF DF -> 7A ascii="z"
[2026-06-24 06:59:03.632] MACHINE_TO_DONGLE DEC_BYTE raw4=DF FF FB DB -> 2D ascii="-"
[2026-06-24 06:59:03.693] MACHINE_TO_DONGLE DEC_BYTE raw4=DF FF DB DB -> 0D ascii="\r"
[2026-06-24 06:59:03.694] MACHINE_TO_DONGLE DEC_LINE len=8 hex=26 7A 1F 2D 1F B3 E6 0D ascii="&z.-...\r"
[2026-06-24 06:59:03.694] MACHINE_TO_DONGLE DEC_BYTE raw4=FB FB DB DB -> 0A ascii="\n"
[2026-06-24 06:59:03.694] MACHINE_TO_DONGLE DEC_LINE len=1 hex=0A ascii="\n"
[2026-06-24 06:59:03.839] DONGLE_TO_MACHINE DEC_BYTE raw4=FB DF FB DB -> 26 ascii="&"
[2026-06-24 06:59:03.850] DONGLE_TO_MACHINE DEC_BYTE raw4=DB FB DF DF -> 58 ascii="X"
[2026-06-24 06:59:03.866] DONGLE_TO_MACHINE DEC_BYTE raw4=DB FF DF DF -> 5C ascii="\"
[2026-06-24 06:59:03.888] DONGLE_TO_MACHINE DEC_BYTE raw4=FB FF FB DB -> 2E ascii="."
[2026-06-24 06:59:03.894] DONGLE_TO_MACHINE DEC_BYTE raw4=FB DF FF DF -> 76 ascii="v"
[2026-06-24 06:59:03.905] DONGLE_TO_MACHINE DEC_BYTE raw4=DF FF DB DB -> 0D ascii="\r"
[2026-06-24 06:59:03.906] DONGLE_TO_MACHINE DEC_LINE len=11 hex=26 58 1C 8D 5C E8 CD 2E 76 10 0D ascii="&X..\...v.\r"
[2026-06-24 06:59:03.912] DONGLE_TO_MACHINE DEC_BYTE raw4=FB FB DB DB -> 0A ascii="\n"
[2026-06-24 06:59:03.912] DONGLE_TO_MACHINE DEC_LINE len=1 hex=0A ascii="\n"
[2026-06-24 06:59:03.936] MACHINE_TO_DONGLE DEC_BYTE raw4=FB DF FB DB -> 26 ascii="&"
[2026-06-24 06:59:03.957] MACHINE_TO_DONGLE DEC_BYTE raw4=DF DF FB DF -> 65 ascii="e"
[2026-06-24 06:59:03.978] MACHINE_TO_DONGLE DEC_BYTE raw4=FB DF FF DB -> 36 ascii="6"
[2026-06-24 06:59:03.999] MACHINE_TO_DONGLE DEC_BYTE raw4=FF DF FF DF -> 77 ascii="w"
[2026-06-24 06:59:04.040] MACHINE_TO_DONGLE DEC_BYTE raw4=DF DF FB DB -> 25 ascii="%"
[2026-06-24 06:59:04.101] MACHINE_TO_DONGLE DEC_BYTE raw4=DB DB FB DB -> 20 ascii=" "
[2026-06-24 06:59:04.122] MACHINE_TO_DONGLE DEC_BYTE raw4=DF FF DB DB -> 0D ascii="\r"
[2026-06-24 06:59:04.122] MACHINE_TO_DONGLE DEC_LINE len=16 hex=26 8F 65 36 8E FB 77 8E E4 25 97 D4 AA 20 F7 0D ascii="&.e6..w..%... .\r"
[2026-06-24 06:59:04.123] MACHINE_TO_DONGLE DEC_BYTE raw4=FB FB DB DB -> 0A ascii="\n"
[2026-06-24 06:59:04.123] MACHINE_TO_DONGLE DEC_LINE len=1 hex=0A ascii="\n"
[2026-06-24 06:59:04.919] DONGLE_TO_MACHINE DEC_BYTE raw4=FB DF FB DB -> 26 ascii="&"
[2026-06-24 06:59:04.925] DONGLE_TO_MACHINE DEC_BYTE raw4=DF FB DB DF -> 49 ascii="I"
[2026-06-24 06:59:04.941] DONGLE_TO_MACHINE DEC_BYTE raw4=FF DB FB DB -> 23 ascii="#"
[2026-06-24 06:59:04.953] DONGLE_TO_MACHINE DEC_BYTE raw4=DF FB DB DF -> 49 ascii="I"
[2026-06-24 06:59:04.964] DONGLE_TO_MACHINE DEC_BYTE raw4=DF FB FF DF -> 79 ascii="y"
[2026-06-24 06:59:04.981] DONGLE_TO_MACHINE DEC_BYTE raw4=DB DF FB DB -> 24 ascii="$"
[2026-06-24 06:59:04.987] DONGLE_TO_MACHINE DEC_BYTE raw4=DF FF DB DB -> 0D ascii="\r"
[2026-06-24 06:59:04.987] DONGLE_TO_MACHINE DEC_LINE len=11 hex=26 49 86 23 9C 49 0C 79 C7 24 0D ascii="&I.#.I.y.$\r"
[2026-06-24 06:59:04.993] DONGLE_TO_MACHINE DEC_BYTE raw4=FB FB DB DB -> 0A ascii="\n"
[2026-06-24 06:59:04.994] DONGLE_TO_MACHINE DEC_LINE len=1 hex=0A ascii="\n"
[2026-06-24 06:59:05.010] MACHINE_TO_DONGLE DEC_BYTE raw4=FB DF FB DB -> 26 ascii="&"
[2026-06-24 06:59:05.031] MACHINE_TO_DONGLE DEC_BYTE raw4=DF DB FF DB -> 31 ascii="1"
[2026-06-24 06:59:05.051] MACHINE_TO_DONGLE DEC_BYTE raw4=FB DB FB DF -> 62 ascii="b"
[2026-06-24 06:59:05.092] MACHINE_TO_DONGLE DEC_BYTE raw4=DF FF DB DB -> 0D ascii="\r"
[2026-06-24 06:59:05.093] MACHINE_TO_DONGLE DEC_LINE len=8 hex=26 CC 31 62 FD B9 B0 0D ascii="&.1b...\r"
[2026-06-24 06:59:05.113] MACHINE_TO_DONGLE DEC_BYTE raw4=FB FB DB DB -> 0A ascii="\n"
[2026-06-24 06:59:05.114] MACHINE_TO_DONGLE DEC_LINE len=1 hex=0A ascii="\n"
[2026-06-24 06:59:07.027] MACHINE_TO_DONGLE DEC_BYTE raw4=FB DF FB DB -> 26 ascii="&"
[2026-06-24 06:59:07.169] MACHINE_TO_DONGLE DEC_BYTE raw4=DB FF DF DF -> 5C ascii="\"
[2026-06-24 06:59:07.190] MACHINE_TO_DONGLE DEC_BYTE raw4=DF DF FB DB -> 25 ascii="%"
[2026-06-24 06:59:07.211] MACHINE_TO_DONGLE DEC_BYTE raw4=FF FF FB DF -> 6F ascii="o"
[2026-06-24 06:59:07.231] MACHINE_TO_DONGLE DEC_BYTE raw4=FF DB FB DB -> 23 ascii="#"
[2026-06-24 06:59:07.252] MACHINE_TO_DONGLE DEC_BYTE raw4=DF FF DB DB -> 0D ascii="\r"
[2026-06-24 06:59:07.253] MACHINE_TO_DONGLE DEC_LINE len=21 hex=26 C1 96 E6 9D 7F ED AE FC 1D C4 18 5C A4 25 81 6F C2 23 8B 0D ascii="&...........\.%.o.#.\r"
[2026-06-24 06:59:07.273] MACHINE_TO_DONGLE DEC_BYTE raw4=FB FB DB DB -> 0A ascii="\n"
[2026-06-24 06:59:07.274] MACHINE_TO_DONGLE DEC_LINE len=1 hex=0A ascii="\n"
[2026-06-24 06:59:09.027] MACHINE_TO_DONGLE DEC_BYTE raw4=FB DF FB DB -> 26 ascii="&"
[2026-06-24 06:59:09.028] MACHINE_TO_DONGLE DEC_BYTE raw4=FF FF FF DB -> 3F ascii="?"
[2026-06-24 06:59:09.130] MACHINE_TO_DONGLE DEC_BYTE raw4=FB FB FB DB -> 2A ascii="*"
[2026-06-24 06:59:09.130] MACHINE_TO_DONGLE DEC_BYTE raw4=FB FF DB DF -> 4E ascii="N"
[2026-06-24 06:59:09.151] MACHINE_TO_DONGLE DEC_BYTE raw4=DB DF DF DF -> 54 ascii="T"
[2026-06-24 06:59:09.171] MACHINE_TO_DONGLE DEC_BYTE raw4=FB DF DF DF -> 56 ascii="V"
[2026-06-24 06:59:09.212] MACHINE_TO_DONGLE DEC_BYTE raw4=FB FF FF DB -> 3E ascii=">"
[2026-06-24 06:59:09.233] MACHINE_TO_DONGLE DEC_BYTE raw4=FF FF FB DF -> 6F ascii="o"
[2026-06-24 06:59:09.274] MACHINE_TO_DONGLE DEC_BYTE raw4=DF FF DB DB -> 0D ascii="\r"
[2026-06-24 06:59:09.274] MACHINE_TO_DONGLE DEC_LINE len=21 hex=26 3F CA 1F A4 B9 97 14 2A 4E D2 54 E6 56 BB 3E FF 0B 6F D3 0D ascii="&?......*N.T.V.>..o.\r"
[2026-06-24 06:59:09.275] MACHINE_TO_DONGLE DEC_BYTE raw4=FB FB DB DB -> 0A ascii="\n"
[2026-06-24 06:59:09.275] MACHINE_TO_DONGLE DEC_LINE len=1 hex=0A ascii="\n"
[2026-06-24 06:59:09.800] MACHINE_TO_DONGLE DEC_BYTE raw4=FB DF FB DB -> 26 ascii="&"
[2026-06-24 06:59:09.820] MACHINE_TO_DONGLE DEC_BYTE raw4=DF FB FB DF -> 69 ascii="i"
[2026-06-24 06:59:09.861] MACHINE_TO_DONGLE DEC_BYTE raw4=DB DB FF DF -> 70 ascii="p"
[2026-06-24 06:59:09.882] MACHINE_TO_DONGLE DEC_BYTE raw4=DB FF DF DF -> 5C ascii="\"
[2026-06-24 06:59:09.902] MACHINE_TO_DONGLE DEC_BYTE raw4=DF FF DB DB -> 0D ascii="\r"
[2026-06-24 06:59:09.903] MACHINE_TO_DONGLE DEC_LINE len=9 hex=26 E5 69 1B 8A 70 5C 91 0D ascii="&.i..p\.\r"
[2026-06-24 06:59:09.904] MACHINE_TO_DONGLE DEC_BYTE raw4=FB FB DB DB -> 0A ascii="\n"
[2026-06-24 06:59:09.904] MACHINE_TO_DONGLE DEC_LINE len=1 hex=0A ascii="\n"
[2026-06-24 06:59:09.945] MACHINE_TO_DONGLE DEC_BYTE raw4=FB DF FB DB -> 26 ascii="&"
[2026-06-24 06:59:10.026] MACHINE_TO_DONGLE DEC_BYTE raw4=FF FB FF DF -> 7B ascii="{"
[2026-06-24 06:59:10.047] MACHINE_TO_DONGLE DEC_BYTE raw4=FB DF DF DF -> 56 ascii="V"
[2026-06-24 06:59:10.068] MACHINE_TO_DONGLE DEC_BYTE raw4=DB DF DF DF -> 54 ascii="T"
[2026-06-24 06:59:10.129] MACHINE_TO_DONGLE DEC_BYTE raw4=DB DB DB DF -> 40 ascii="@"
[2026-06-24 06:59:10.170] MACHINE_TO_DONGLE DEC_BYTE raw4=DB FF DF DF -> 5C ascii="\"
[2026-06-24 06:59:10.332] MACHINE_TO_DONGLE DEC_BYTE raw4=FF FB DB DF -> 4B ascii="K"
[2026-06-24 06:59:10.353] MACHINE_TO_DONGLE DEC_BYTE raw4=FF DF FF DF -> 77 ascii="w"
[2026-06-24 06:59:10.373] MACHINE_TO_DONGLE DEC_BYTE raw4=DF FB FB DF -> 69 ascii="i"
[2026-06-24 06:59:10.414] MACHINE_TO_DONGLE DEC_BYTE raw4=DF FF DB DB -> 0D ascii="\r"
[2026-06-24 06:59:10.415] MACHINE_TO_DONGLE DEC_LINE len=41 hex=26 0B E8 99 CD 18 08 7B A5 56 04 54 8A 84 DD A5 40 A3 BE 0E 5C 10 08 B1 FB E5 96 0B B2 D4 C2 A5 D5 4B 77 8D 69 FF 98 80 0D ascii="&......{.V.T....@...\............Kw.i...\r"
[2026-06-24 06:59:11.182] MACHINE_TO_DONGLE RESYNC offset=0 score=38 preview_hex=0A 26 1B 9B 6F BD B2 2C preview_ascii="\n&..o..,"
[2026-06-24 06:59:11.182] MACHINE_TO_DONGLE DEC_BYTE raw4=FB FB DB DB -> 0A ascii="\n"
[2026-06-24 06:59:11.183] MACHINE_TO_DONGLE DEC_LINE len=1 hex=0A ascii="\n"
[2026-06-24 06:59:11.184] MACHINE_TO_DONGLE DEC_BYTE raw4=FB DF FB DB -> 26 ascii="&"
[2026-06-24 06:59:11.184] MACHINE_TO_DONGLE DEC_BYTE raw4=FF FF FB DF -> 6F ascii="o"
[2026-06-24 06:59:11.185] MACHINE_TO_DONGLE DEC_BYTE raw4=DB FF FB DB -> 2C ascii=","
[2026-06-24 06:59:11.246] MACHINE_TO_DONGLE DEC_BYTE raw4=FF DF FB DF -> 67 ascii="g"
[2026-06-24 06:59:11.307] MACHINE_TO_DONGLE DEC_BYTE raw4=DF FB FF DF -> 79 ascii="y"
[2026-06-24 06:59:11.368] MACHINE_TO_DONGLE DEC_BYTE raw4=DF DB FB DB -> 21 ascii="!"
[2026-06-24 06:59:11.429] MACHINE_TO_DONGLE DEC_BYTE raw4=FF DB DF DF -> 53 ascii="S"
[2026-06-24 06:59:11.470] MACHINE_TO_DONGLE DEC_BYTE raw4=DF DB FF DB -> 31 ascii="1"
[2026-06-24 06:59:11.491] MACHINE_TO_DONGLE DEC_BYTE raw4=DF DB FB DF -> 61 ascii="a"
[2026-06-24 06:59:11.552] MACHINE_TO_DONGLE DEC_BYTE raw4=DF DF DB DF -> 45 ascii="E"
[2026-06-24 06:59:11.593] MACHINE_TO_DONGLE DEC_BYTE raw4=FF FF DF DF -> 5F ascii="_"
[2026-06-24 06:59:11.613] MACHINE_TO_DONGLE DEC_BYTE raw4=DF FF DB DB -> 0D ascii="\r"
[2026-06-24 06:59:11.614] MACHINE_TO_DONGLE DEC_LINE len=43 hex=26 1B 9B 6F BD B2 2C 87 CD 1B 9B 67 DB B3 CB BE A1 79 DD 8C 18 21 08 BE A7 E2 53 A0 AE F3 31 61 8C CA E2 D8 45 1A CA A4 5F AD 0D ascii="&..o..,....g.....y...!....S...1a....E..._.\r"
[2026-06-24 06:59:13.186] MACHINE_TO_DONGLE RESYNC offset=0 score=38 preview_hex=0A 26 A1 27 12 E4 AC 74 preview_ascii="\n&.'...t"
[2026-06-24 06:59:13.187] MACHINE_TO_DONGLE DEC_BYTE raw4=FB FB DB DB -> 0A ascii="\n"
[2026-06-24 06:59:13.187] MACHINE_TO_DONGLE DEC_LINE len=1 hex=0A ascii="\n"
[2026-06-24 06:59:13.187] MACHINE_TO_DONGLE DEC_BYTE raw4=FB DF FB DB -> 26 ascii="&"
[2026-06-24 06:59:13.187] MACHINE_TO_DONGLE DEC_BYTE raw4=FF DF FB DB -> 27 ascii="'"
[2026-06-24 06:59:13.188] MACHINE_TO_DONGLE DEC_BYTE raw4=DB DF FF DF -> 74 ascii="t"
[2026-06-24 06:59:13.269] MACHINE_TO_DONGLE DEC_BYTE raw4=FF DB DF DF -> 53 ascii="S"
[2026-06-24 06:59:13.289] MACHINE_TO_DONGLE DEC_BYTE raw4=DF DF FB DB -> 25 ascii="%"
[2026-06-24 06:59:13.310] MACHINE_TO_DONGLE DEC_BYTE raw4=FF DB FF DF -> 73 ascii="s"
[2026-06-24 06:59:13.331] MACHINE_TO_DONGLE DEC_BYTE raw4=DF FB FB DF -> 69 ascii="i"
[2026-06-24 06:59:13.372] MACHINE_TO_DONGLE DEC_BYTE raw4=FF DF FB DB -> 27 ascii="'"
[2026-06-24 06:59:13.372] MACHINE_TO_DONGLE DEC_BYTE raw4=FF DF FB DF -> 67 ascii="g"
[2026-06-24 06:59:13.393] MACHINE_TO_DONGLE DEC_BYTE raw4=FB FB FF DF -> 7A ascii="z"
[2026-06-24 06:59:13.414] MACHINE_TO_DONGLE DEC_BYTE raw4=FF FF FF DB -> 3F ascii="?"
[2026-06-24 06:59:13.515] MACHINE_TO_DONGLE DEC_BYTE raw4=FF DB DF DF -> 53 ascii="S"
[2026-06-24 06:59:13.536] MACHINE_TO_DONGLE DEC_BYTE raw4=DF FB FF DF -> 79 ascii="y"
[2026-06-24 06:59:13.556] MACHINE_TO_DONGLE DEC_BYTE raw4=DB DF FB DF -> 64 ascii="d"
[2026-06-24 06:59:13.557] MACHINE_TO_DONGLE DEC_BYTE raw4=FF FB FF DB -> 3B ascii=";"
[2026-06-24 06:59:13.577] MACHINE_TO_DONGLE DEC_BYTE raw4=FF FB FB DB -> 2B ascii="+"
[2026-06-24 06:59:13.578] MACHINE_TO_DONGLE DEC_BYTE raw4=FF FB DF DF -> 5B ascii="["
[2026-06-24 06:59:13.598] MACHINE_TO_DONGLE DEC_BYTE raw4=DF FF DB DB -> 0D ascii="\r"
[2026-06-24 06:59:13.599] MACHINE_TO_DONGLE DEC_LINE len=41 hex=26 A1 27 12 E4 AC 74 E5 AE FE C2 C3 18 53 A4 25 73 69 C0 D8 CC 27 67 7A F2 3F 85 8F D1 EE 01 F3 D6 9F 53 79 64 3B 2B 5B 0D ascii="&.'...t......S.%si...'gz.?........Syd;+[\r"
[2026-06-24 06:59:13.620] MACHINE_TO_DONGLE DEC_BYTE raw4=FB FB DB DB -> 0A ascii="\n"
[2026-06-24 06:59:13.620] MACHINE_TO_DONGLE DEC_LINE len=1 hex=0A ascii="\n"
[2026-06-24 06:59:14.427] MACHINE_TO_DONGLE DEC_BYTE raw4=FB DF FB DB -> 26 ascii="&"
[2026-06-24 06:59:14.447] MACHINE_TO_DONGLE DEC_BYTE raw4=FF DF FB DB -> 27 ascii="'"
[2026-06-24 06:59:14.468] MACHINE_TO_DONGLE DEC_BYTE raw4=FB DB DB DF -> 42 ascii="B"
[2026-06-24 06:59:14.469] MACHINE_TO_DONGLE DEC_BYTE raw4=DF DB FF DB -> 31 ascii="1"
[2026-06-24 06:59:14.490] MACHINE_TO_DONGLE DEC_BYTE raw4=DF DF FB DB -> 25 ascii="%"
[2026-06-24 06:59:14.510] MACHINE_TO_DONGLE DEC_BYTE raw4=DB DF FB DF -> 64 ascii="d"
[2026-06-24 06:59:14.531] MACHINE_TO_DONGLE DEC_BYTE raw4=FF FF FB DF -> 6F ascii="o"
[2026-06-24 06:59:14.552] MACHINE_TO_DONGLE DEC_BYTE raw4=DB DB FF DF -> 70 ascii="p"
[2026-06-24 06:59:14.613] MACHINE_TO_DONGLE DEC_BYTE raw4=FB DB FB DB -> 22 ascii="""
[2026-06-24 06:59:14.613] MACHINE_TO_DONGLE DEC_BYTE raw4=DF FF FB DB -> 2D ascii="-"
[2026-06-24 06:59:14.694] MACHINE_TO_DONGLE DEC_BYTE raw4=DF DF FB DF -> 65 ascii="e"
[2026-06-24 06:59:14.755] MACHINE_TO_DONGLE DEC_BYTE raw4=DB DF DF DF -> 54 ascii="T"
[2026-06-24 06:59:14.756] MACHINE_TO_DONGLE DEC_BYTE raw4=DB FF DF DF -> 5C ascii="\"
[2026-06-24 06:59:14.777] MACHINE_TO_DONGLE DEC_BYTE raw4=FF FF FB DF -> 6F ascii="o"
[2026-06-24 06:59:14.818] MACHINE_TO_DONGLE DEC_BYTE raw4=DF FF DF DF -> 5D ascii="]"
[2026-06-24 06:59:14.838] MACHINE_TO_DONGLE DEC_BYTE raw4=DB FF DB DF -> 4C ascii="L"
[2026-06-24 06:59:14.859] MACHINE_TO_DONGLE DEC_BYTE raw4=FB FF FB DB -> 2E ascii="."
[2026-06-24 06:59:14.900] MACHINE_TO_DONGLE DEC_BYTE raw4=FB DB FF DB -> 32 ascii="2"
[2026-06-24 06:59:14.941] MACHINE_TO_DONGLE DEC_BYTE raw4=DF FF DB DB -> 0D ascii="\r"
[2026-06-24 06:59:14.941] MACHINE_TO_DONGLE DEC_LINE len=43 hex=26 B6 27 42 31 25 64 F4 99 6F FF 70 19 B0 DE 22 2D 1D 19 82 1B 8D ED 65 1B 9B 9F 54 5C 6F DE 8F AE 5D 4C CE 2E 9C 8A 9C 32 B0 0D ascii="&.'B1%d..o.p..."-......e...T\o...]L.....2.\r"
[2026-06-24 06:59:14.942] MACHINE_TO_DONGLE DEC_BYTE raw4=FB FB DB DB -> 0A ascii="\n"
[2026-06-24 06:59:14.942] MACHINE_TO_DONGLE DEC_LINE len=1 hex=0A ascii="\n"
[2026-06-24 06:59:16.432] MACHINE_TO_DONGLE DEC_BYTE raw4=FB DF FB DB -> 26 ascii="&"
[2026-06-24 06:59:16.533] MACHINE_TO_DONGLE DEC_BYTE raw4=FB DF DF DF -> 56 ascii="V"
[2026-06-24 06:59:16.574] MACHINE_TO_DONGLE DEC_BYTE raw4=DB DF DF DF -> 54 ascii="T"
[2026-06-24 06:59:16.615] MACHINE_TO_DONGLE DEC_BYTE raw4=DB DB DB DF -> 40 ascii="@"
[2026-06-24 06:59:16.676] MACHINE_TO_DONGLE DEC_BYTE raw4=DB FF DF DF -> 5C ascii="\"
[2026-06-24 06:59:16.838] MACHINE_TO_DONGLE DEC_BYTE raw4=FF FB DB DF -> 4B ascii="K"
[2026-06-24 06:59:16.838] MACHINE_TO_DONGLE DEC_BYTE raw4=FF DF FF DF -> 77 ascii="w"
[2026-06-24 06:59:16.859] MACHINE_TO_DONGLE DEC_BYTE raw4=DF FB FB DF -> 69 ascii="i"
[2026-06-24 06:59:16.920] MACHINE_TO_DONGLE DEC_BYTE raw4=DF FF DB DB -> 0D ascii="\r"
[2026-06-24 06:59:16.920] MACHINE_TO_DONGLE DEC_LINE len=41 hex=26 0B E8 99 CD 18 08 8C A5 56 04 54 8A 84 DD A5 40 A3 BE 0E 5C 10 08 B1 FB E5 96 0B B2 D4 C2 A5 D5 4B 77 8D 69 FF 98 80 0D ascii="&........V.T....@...\............Kw.i...\r"
[2026-06-24 06:59:16.921] MACHINE_TO_DONGLE DEC_BYTE raw4=FB FB DB DB -> 0A ascii="\n"
[2026-06-24 06:59:16.921] MACHINE_TO_DONGLE DEC_LINE len=1 hex=0A ascii="\n"
[2026-06-24 06:59:18.514] MACHINE_TO_DONGLE RESYNC offset=0 score=36 preview_hex=26 DE 09 25 FA F7 4F 6A preview_ascii="&.\t%..Oj"
[2026-06-24 06:59:18.514] MACHINE_TO_DONGLE DEC_BYTE raw4=FB DF FB DB -> 26 ascii="&"
[2026-06-24 06:59:18.515] MACHINE_TO_DONGLE DEC_BYTE raw4=DF DF FB DB -> 25 ascii="%"
[2026-06-24 06:59:18.515] MACHINE_TO_DONGLE DEC_BYTE raw4=FF FF DB DF -> 4F ascii="O"
[2026-06-24 06:59:18.515] MACHINE_TO_DONGLE DEC_BYTE raw4=FB FB FB DF -> 6A ascii="j"
[2026-06-24 06:59:18.576] MACHINE_TO_DONGLE DEC_BYTE raw4=FF FB FB DB -> 2B ascii="+"
[2026-06-24 06:59:18.577] MACHINE_TO_DONGLE DEC_BYTE raw4=DF DF DB DF -> 45 ascii="E"
[2026-06-24 06:59:18.658] MACHINE_TO_DONGLE DEC_BYTE raw4=FF FF FF DB -> 3F ascii="?"
[2026-06-24 06:59:18.740] MACHINE_TO_DONGLE DEC_BYTE raw4=DB DB FB DB -> 20 ascii=" "
[2026-06-24 06:59:18.780] MACHINE_TO_DONGLE DEC_BYTE raw4=DF FF FF DF -> 7D ascii="}"
[2026-06-24 06:59:18.801] MACHINE_TO_DONGLE DEC_BYTE raw4=DF DB FF DB -> 31 ascii="1"
[2026-06-24 06:59:18.822] MACHINE_TO_DONGLE DEC_BYTE raw4=FB FF FF DF -> 7E ascii="~"
[2026-06-24 06:59:18.863] MACHINE_TO_DONGLE DEC_BYTE raw4=FB FF DF DF -> 5E ascii="^"
[2026-06-24 06:59:18.884] MACHINE_TO_DONGLE DEC_BYTE raw4=DF DB FB DF -> 61 ascii="a"
[2026-06-24 06:59:18.904] MACHINE_TO_DONGLE DEC_BYTE raw4=FB FB DF DF -> 5A ascii="Z"
[2026-06-24 06:59:18.925] MACHINE_TO_DONGLE DEC_BYTE raw4=DF FF DB DB -> 0D ascii="\r"
[2026-06-24 06:59:18.926] MACHINE_TO_DONGLE DEC_LINE len=42 hex=26 DE 09 25 FA F7 4F 6A FF AD 14 2B 45 17 A8 C9 B5 96 3F B4 8F FA BD 1B 80 20 0C 99 7D B9 31 85 7E E3 E5 86 5E 61 08 5A C5 0D ascii="&.\t%..Oj...+E.....?...... ..}.1.~...^a.Z.\r"
[2026-06-24 06:59:18.946] MACHINE_TO_DONGLE DEC_BYTE raw4=FB FB DB DB -> 0A ascii="\n"
[2026-06-24 06:59:18.947] MACHINE_TO_DONGLE DEC_LINE len=1 hex=0A ascii="\n"
[2026-06-24 06:59:20.438] MACHINE_TO_DONGLE DEC_BYTE raw4=FB DF FB DB -> 26 ascii="&"
[2026-06-24 06:59:20.458] MACHINE_TO_DONGLE DEC_BYTE raw4=DF FF FB DB -> 2D ascii="-"
[2026-06-24 06:59:20.479] MACHINE_TO_DONGLE DEC_BYTE raw4=DB DB DB DF -> 40 ascii="@"
[2026-06-24 06:59:20.500] MACHINE_TO_DONGLE DEC_BYTE raw4=DB DB FF DF -> 70 ascii="p"
[2026-06-24 06:59:20.500] MACHINE_TO_DONGLE DEC_BYTE raw4=DB DF FF DF -> 74 ascii="t"
[2026-06-24 06:59:20.541] MACHINE_TO_DONGLE DEC_BYTE raw4=DB FF FB DF -> 6C ascii="l"
[2026-06-24 06:59:20.642] MACHINE_TO_DONGLE DEC_BYTE raw4=FF FB DB DF -> 4B ascii="K"
[2026-06-24 06:59:20.663] MACHINE_TO_DONGLE DEC_BYTE raw4=DF FB FB DF -> 69 ascii="i"
[2026-06-24 06:59:20.684] MACHINE_TO_DONGLE DEC_BYTE raw4=FF FF FB DF -> 6F ascii="o"
[2026-06-24 06:59:20.724] MACHINE_TO_DONGLE DEC_BYTE raw4=DB FB DF DF -> 58 ascii="X"
[2026-06-24 06:59:20.765] MACHINE_TO_DONGLE DEC_BYTE raw4=DB FB FB DB -> 28 ascii="("
[2026-06-24 06:59:20.867] MACHINE_TO_DONGLE DEC_BYTE raw4=FB DF FF DF -> 76 ascii="v"
[2026-06-24 06:59:20.908] MACHINE_TO_DONGLE DEC_BYTE raw4=FF FB FB DB -> 2B ascii="+"
[2026-06-24 06:59:20.948] MACHINE_TO_DONGLE DEC_BYTE raw4=DF FF DB DB -> 0D ascii="\r"
[2026-06-24 06:59:20.949] MACHINE_TO_DONGLE DEC_LINE len=43 hex=26 2D 09 40 70 74 05 F2 6C 15 04 1F F3 A4 9D D4 4B 9D EA 69 FF 6F C4 58 1B 8D 15 28 BD 1B 8D FC F2 AF EC 8B 76 ED 2B 8B D4 CF 0D ascii="&-\t@pt..l.......K..i.o.X...(........v.+...\r"
[2026-06-24 06:59:20.950] MACHINE_TO_DONGLE DEC_BYTE raw4=FB FB DB DB -> 0A ascii="\n"
[2026-06-24 06:59:20.950] MACHINE_TO_DONGLE DEC_LINE len=1 hex=0A ascii="\n"
[2026-06-24 06:59:22.522] MACHINE_TO_DONGLE RESYNC offset=0 score=26 preview_hex=26 8A 9B 6B C4 D1 CC B0 preview_ascii="&..k...."
[2026-06-24 06:59:22.523] MACHINE_TO_DONGLE DEC_BYTE raw4=FB DF FB DB -> 26 ascii="&"
[2026-06-24 06:59:22.524] MACHINE_TO_DONGLE DEC_BYTE raw4=FF FB FB DF -> 6B ascii="k"
[2026-06-24 06:59:22.544] MACHINE_TO_DONGLE DEC_BYTE raw4=FB DF DB DF -> 46 ascii="F"
[2026-06-24 06:59:22.586] MACHINE_TO_DONGLE DEC_BYTE raw4=DF FF FF DF -> 7D ascii="}"
[2026-06-24 06:59:22.606] MACHINE_TO_DONGLE DEC_BYTE raw4=DB DB DF DF -> 50 ascii="P"
[2026-06-24 06:59:22.607] MACHINE_TO_DONGLE DEC_BYTE raw4=DB FB FF DF -> 78 ascii="x"
[2026-06-24 06:59:22.648] MACHINE_TO_DONGLE DEC_BYTE raw4=DB FF FB DF -> 6C ascii="l"
[2026-06-24 06:59:22.668] MACHINE_TO_DONGLE DEC_BYTE raw4=FB DB FB DF -> 62 ascii="b"
[2026-06-24 06:59:22.689] MACHINE_TO_DONGLE DEC_BYTE raw4=FB FB FF DB -> 3A ascii=":"
[2026-06-24 06:59:22.710] MACHINE_TO_DONGLE DEC_BYTE raw4=FB DB FB DF -> 62 ascii="b"
[2026-06-24 06:59:22.751] MACHINE_TO_DONGLE DEC_BYTE raw4=DB DB FF DF -> 70 ascii="p"
[2026-06-24 06:59:22.832] MACHINE_TO_DONGLE DEC_BYTE raw4=DB FB FF DF -> 78 ascii="x"
[2026-06-24 06:59:22.873] MACHINE_TO_DONGLE DEC_BYTE raw4=DF FF FB DB -> 2D ascii="-"
[2026-06-24 06:59:22.894] MACHINE_TO_DONGLE DEC_BYTE raw4=FB FB FF DB -> 3A ascii=":"
[2026-06-24 06:59:22.915] MACHINE_TO_DONGLE DEC_BYTE raw4=DB FF FF DB -> 3C ascii="<"
[2026-06-24 06:59:22.935] MACHINE_TO_DONGLE DEC_BYTE raw4=DF FF DB DB -> 0D ascii="\r"
[2026-06-24 06:59:22.936] MACHINE_TO_DONGLE DEC_LINE len=41 hex=26 8A 9B 6B C4 D1 CC B0 9B 46 06 7D A5 50 78 87 6C 1A FE 62 3A FB 62 85 A8 AA 70 06 FB E5 BE 0E 78 A8 AE 9D 2D 3A E8 3C 0D ascii="&..k.....F.}.Px.l..b:.b...p.....x...-:.<\r"
[2026-06-24 06:59:22.937] MACHINE_TO_DONGLE DEC_BYTE raw4=FB FB DB DB -> 0A ascii="\n"
[2026-06-24 06:59:22.937] MACHINE_TO_DONGLE DEC_LINE len=1 hex=0A ascii="\n"
[2026-06-24 06:59:24.348] MACHINE_TO_DONGLE DEC_BYTE raw4=FB DF FB DB -> 26 ascii="&"
[2026-06-24 06:59:24.368] MACHINE_TO_DONGLE DEC_BYTE raw4=FB DB FF DF -> 72 ascii="r"
[2026-06-24 06:59:24.369] MACHINE_TO_DONGLE DEC_BYTE raw4=FF DF DF DF -> 57 ascii="W"
[2026-06-24 06:59:24.430] MACHINE_TO_DONGLE DEC_BYTE raw4=DF DF DF DF -> 55 ascii="U"
[2026-06-24 06:59:24.430] MACHINE_TO_DONGLE DEC_BYTE raw4=FB FB FB DF -> 6A ascii="j"
[2026-06-24 06:59:24.471] MACHINE_TO_DONGLE DEC_BYTE raw4=FB DB FF DF -> 72 ascii="r"
[2026-06-24 06:59:24.572] MACHINE_TO_DONGLE DEC_BYTE raw4=FB FB FB DF -> 6A ascii="j"
[2026-06-24 06:59:24.613] MACHINE_TO_DONGLE DEC_BYTE raw4=DB DB DF DF -> 50 ascii="P"
[2026-06-24 06:59:24.633] MACHINE_TO_DONGLE DEC_BYTE raw4=DF DF FB DB -> 25 ascii="%"
[2026-06-24 06:59:24.654] MACHINE_TO_DONGLE DEC_BYTE raw4=FB DF DF DF -> 56 ascii="V"
[2026-06-24 06:59:24.714] MACHINE_TO_DONGLE DEC_BYTE raw4=FB FF FB DF -> 6E ascii="n"
[2026-06-24 06:59:24.775] MACHINE_TO_DONGLE DEC_BYTE raw4=DF DB FB DB -> 21 ascii="!"
[2026-06-24 06:59:24.796] MACHINE_TO_DONGLE DEC_BYTE raw4=DF DB DF DF -> 51 ascii="Q"
[2026-06-24 06:59:24.796] MACHINE_TO_DONGLE DEC_BYTE raw4=FF DF FB DF -> 67 ascii="g"
[2026-06-24 06:59:24.837] MACHINE_TO_DONGLE DEC_BYTE raw4=DF FF DB DB -> 0D ascii="\r"
[2026-06-24 06:59:24.837] MACHINE_TO_DONGLE DEC_LINE len=41 hex=26 72 57 DE EF 84 55 6A C1 87 72 A7 D2 D0 91 C7 15 C3 D2 6A 84 BE 50 D5 25 04 56 F2 D5 E4 6E A9 F3 ED 99 F7 21 51 67 C5 0D ascii="&rW...Uj..r........j..P.%.V...n.....!Qg.\r"
[2026-06-24 06:59:24.838] MACHINE_TO_DONGLE DEC_BYTE raw4=FB FB DB DB -> 0A ascii="\n"
[2026-06-24 06:59:24.838] MACHINE_TO_DONGLE DEC_LINE len=1 hex=0A ascii="\n"
[2026-06-24 06:59:26.348] MACHINE_TO_DONGLE DEC_BYTE raw4=FB DF FB DB -> 26 ascii="&"
[2026-06-24 06:59:26.410] MACHINE_TO_DONGLE DEC_BYTE raw4=FF DB FB DF -> 63 ascii="c"
[2026-06-24 06:59:26.451] MACHINE_TO_DONGLE DEC_BYTE raw4=FB DB FF DF -> 72 ascii="r"
[2026-06-24 06:59:26.492] MACHINE_TO_DONGLE DEC_BYTE raw4=DB FF DF DF -> 5C ascii="\"
[2026-06-24 06:59:26.553] MACHINE_TO_DONGLE DEC_BYTE raw4=DB FF DB DF -> 4C ascii="L"
[2026-06-24 06:59:26.614] MACHINE_TO_DONGLE DEC_BYTE raw4=DB FF DF DF -> 5C ascii="\"
[2026-06-24 06:59:26.675] MACHINE_TO_DONGLE DEC_BYTE raw4=FF FB DB DF -> 4B ascii="K"
[2026-06-24 06:59:26.696] MACHINE_TO_DONGLE DEC_BYTE raw4=DF FF FB DB -> 2D ascii="-"
[2026-06-24 06:59:26.797] MACHINE_TO_DONGLE DEC_BYTE raw4=DF FB FB DF -> 69 ascii="i"
[2026-06-24 06:59:26.838] MACHINE_TO_DONGLE DEC_BYTE raw4=DF FF DB DB -> 0D ascii="\r"
[2026-06-24 06:59:26.839] MACHINE_TO_DONGLE DEC_LINE len=41 hex=26 EB 98 16 92 63 12 B8 72 A1 AD 0F 5C 86 82 DF A4 4C E5 BE 0E 5C 10 08 B1 FB 4B 96 2D B2 D4 C2 98 D5 F1 1C EA 69 88 9C 0D ascii="&....c..r...\....L...\....K.-........i..\r"
[2026-06-24 06:59:26.840] MACHINE_TO_DONGLE DEC_BYTE raw4=FB FB DB DB -> 0A ascii="\n"
[2026-06-24 06:59:26.841] MACHINE_TO_DONGLE DEC_LINE len=1 hex=0A ascii="\n"
[2026-06-24 06:59:27.245] MACHINE_TO_DONGLE RESYNC offset=0 score=28 preview_hex=26 F7 B9 0C F9 25 20 9E FF preview_ascii="&....% .."
[2026-06-24 06:59:27.245] MACHINE_TO_DONGLE DEC_BYTE raw4=FB DF FB DB -> 26 ascii="&"
[2026-06-24 06:59:27.245] MACHINE_TO_DONGLE DEC_BYTE raw4=DF DF FB DB -> 25 ascii="%"
[2026-06-24 06:59:27.245] MACHINE_TO_DONGLE DEC_BYTE raw4=DB DB FB DB -> 20 ascii=" "
[2026-06-24 06:59:27.266] MACHINE_TO_DONGLE DEC_BYTE raw4=DB DF FF DF -> 74 ascii="t"
[2026-06-24 06:59:27.266] MACHINE_TO_DONGLE DEC_BYTE raw4=FB DB FB DB -> 22 ascii="""
[2026-06-24 06:59:27.307] MACHINE_TO_DONGLE DEC_BYTE raw4=FB FB FB DF -> 6A ascii="j"
[2026-06-24 06:59:27.408] MACHINE_TO_DONGLE DEC_BYTE raw4=DF FF DF DF -> 5D ascii="]"
[2026-06-24 06:59:27.429] MACHINE_TO_DONGLE DEC_BYTE raw4=FB FB FF DB -> 3A ascii=":"
[2026-06-24 06:59:27.429] MACHINE_TO_DONGLE DEC_BYTE raw4=DB DB FB DB -> 20 ascii=" "
[2026-06-24 06:59:27.470] MACHINE_TO_DONGLE DEC_BYTE raw4=DF FB FF DF -> 79 ascii="y"
[2026-06-24 06:59:27.490] MACHINE_TO_DONGLE DEC_BYTE raw4=DB FF FF DF -> 7C ascii="|"
[2026-06-24 06:59:27.511] MACHINE_TO_DONGLE DEC_BYTE raw4=DF DB FB DB -> 21 ascii="!"
[2026-06-24 06:59:27.573] MACHINE_TO_DONGLE DEC_BYTE raw4=DF DF FB DF -> 65 ascii="e"
[2026-06-24 06:59:27.613] MACHINE_TO_DONGLE DEC_BYTE raw4=FB DF DF DF -> 56 ascii="V"
[2026-06-24 06:59:27.634] MACHINE_TO_DONGLE DEC_BYTE raw4=FF FF FB DF -> 6F ascii="o"
[2026-06-24 06:59:27.654] MACHINE_TO_DONGLE DEC_BYTE raw4=DF FF DB DB -> 0D ascii="\r"
[2026-06-24 06:59:27.655] MACHINE_TO_DONGLE DEC_LINE len=42 hex=26 F7 B9 0C F9 25 20 9E FF 74 22 1E BA 6A CB 96 ED CC DE 8F AE 5D 3A 20 0B E0 79 C8 7C 21 18 85 1B A6 99 65 FC 93 92 56 6F 0D ascii="&....% ..t"..j.......]: ..y.|!.....e...Vo\r"
[2026-06-24 06:59:27.655] MACHINE_TO_DONGLE DEC_BYTE raw4=FB FB DB DB -> 0A ascii="\n"
[2026-06-24 06:59:27.656] MACHINE_TO_DONGLE DEC_LINE len=1 hex=0A ascii="\n"
[2026-06-24 06:59:29.167] MACHINE_TO_DONGLE DEC_BYTE raw4=FB DF FB DB -> 26 ascii="&"
[2026-06-24 06:59:29.188] MACHINE_TO_DONGLE DEC_BYTE raw4=FB DF FF DB -> 36 ascii="6"
[2026-06-24 06:59:29.209] MACHINE_TO_DONGLE DEC_BYTE raw4=FF DF FB DB -> 27 ascii="'"
[2026-06-24 06:59:29.229] MACHINE_TO_DONGLE DEC_BYTE raw4=DF DB FF DF -> 71 ascii="q"
[2026-06-24 06:59:29.311] MACHINE_TO_DONGLE DEC_BYTE raw4=DF DF DF DF -> 55 ascii="U"
[2026-06-24 06:59:29.331] MACHINE_TO_DONGLE DEC_BYTE raw4=DF FB DB DF -> 49 ascii="I"
[2026-06-24 06:59:29.433] MACHINE_TO_DONGLE DEC_BYTE raw4=DF DB FB DF -> 61 ascii="a"
[2026-06-24 06:59:29.454] MACHINE_TO_DONGLE DEC_BYTE raw4=DF FB FB DF -> 69 ascii="i"
[2026-06-24 06:59:29.475] MACHINE_TO_DONGLE DEC_BYTE raw4=FF DF DB DF -> 47 ascii="G"
[2026-06-24 06:59:29.495] MACHINE_TO_DONGLE DEC_BYTE raw4=DB FF FF DF -> 7C ascii="|"
[2026-06-24 06:59:29.516] MACHINE_TO_DONGLE DEC_BYTE raw4=DB FB FB DB -> 28 ascii="("
[2026-06-24 06:59:29.537] MACHINE_TO_DONGLE DEC_BYTE raw4=FB FF FF DF -> 7E ascii="~"
[2026-06-24 06:59:29.537] MACHINE_TO_DONGLE DEC_BYTE raw4=DB FB DF DF -> 58 ascii="X"
[2026-06-24 06:59:29.558] MACHINE_TO_DONGLE DEC_BYTE raw4=FF FB FF DF -> 7B ascii="{"
[2026-06-24 06:59:29.579] MACHINE_TO_DONGLE DEC_BYTE raw4=FF FF DF DF -> 5F ascii="_"
[2026-06-24 06:59:29.600] MACHINE_TO_DONGLE DEC_BYTE raw4=FF FB FF DB -> 3B ascii=";"
[2026-06-24 06:59:29.640] MACHINE_TO_DONGLE DEC_BYTE raw4=DF FF DB DB -> 0D ascii="\r"
[2026-06-24 06:59:29.641] MACHINE_TO_DONGLE DEC_LINE len=41 hex=26 E2 A8 36 C2 27 71 B7 C2 C8 F2 CE 55 FD 88 49 AC 96 D1 EE 01 F3 61 04 17 69 AB 47 7C 28 AB 7E 58 7B DA 5F E3 3B EA 98 0D ascii="&..6.'q.....U..I......a..i.G|(.~X{._.;..\r"
[2026-06-24 06:59:29.663] MACHINE_TO_DONGLE DEC_BYTE raw4=FB FB DB DB -> 0A ascii="\n"
[2026-06-24 06:59:29.663] MACHINE_TO_DONGLE DEC_LINE len=1 hex=0A ascii="\n"
[2026-06-24 06:59:29.865] MACHINE_TO_DONGLE DEC_BYTE raw4=FB DF FB DB -> 26 ascii="&"
[2026-06-24 06:59:29.886] MACHINE_TO_DONGLE DEC_BYTE raw4=FB DF DF DF -> 56 ascii="V"
[2026-06-24 06:59:29.907] MACHINE_TO_DONGLE DEC_BYTE raw4=FB DB FF DF -> 72 ascii="r"
[2026-06-24 06:59:29.948] MACHINE_TO_DONGLE DEC_BYTE raw4=FF DB FB DB -> 23 ascii="#"
[2026-06-24 06:59:29.989] MACHINE_TO_DONGLE DEC_BYTE raw4=DF FB FF DF -> 79 ascii="y"
[2026-06-24 06:59:30.090] MACHINE_TO_DONGLE DEC_BYTE raw4=FF DB DF DF -> 53 ascii="S"
[2026-06-24 06:59:30.131] MACHINE_TO_DONGLE DEC_BYTE raw4=DF DB FB DB -> 21 ascii="!"
[2026-06-24 06:59:30.233] MACHINE_TO_DONGLE DEC_BYTE raw4=DF DB FF DB -> 31 ascii="1"
[2026-06-24 06:59:30.314] MACHINE_TO_DONGLE DEC_BYTE raw4=FF FB FF DB -> 3B ascii=";"
[2026-06-24 06:59:30.355] MACHINE_TO_DONGLE DEC_BYTE raw4=DF FF DB DB -> 0D ascii="\r"
[2026-06-24 06:59:30.355] MACHINE_TO_DONGLE DEC_LINE len=42 hex=26 BB 56 09 72 FE A6 91 23 87 79 D9 83 D4 BB C1 B2 AC E2 53 A0 18 21 08 BE A7 A8 E2 87 9A 02 31 06 FB 9E FC 9F 3B D1 1B A6 0D ascii="&.V\tr...#.y........S..!........1.....;...\r"
[2026-06-24 06:59:30.356] MACHINE_TO_DONGLE DEC_BYTE raw4=FB FB DB DB -> 0A ascii="\n"
[2026-06-24 06:59:30.356] MACHINE_TO_DONGLE DEC_LINE len=1 hex=0A ascii="\n"
[2026-06-24 06:59:31.948] MACHINE_TO_DONGLE RESYNC offset=0 score=31 preview_hex=26 7A 1F 9D F1 9E 7C 97 preview_ascii="&z....|."
[2026-06-24 06:59:31.949] MACHINE_TO_DONGLE DEC_BYTE raw4=FB DF FB DB -> 26 ascii="&"
[2026-06-24 06:59:31.950] MACHINE_TO_DONGLE DEC_BYTE raw4=FB FB FF DF -> 7A ascii="z"
[2026-06-24 06:59:31.950] MACHINE_TO_DONGLE DEC_BYTE raw4=DB FF FF DF -> 7C ascii="|"
[2026-06-24 06:59:31.971] MACHINE_TO_DONGLE DEC_BYTE raw4=DB DF FF DF -> 74 ascii="t"
[2026-06-24 06:59:31.992] MACHINE_TO_DONGLE DEC_BYTE raw4=FF DB FB DB -> 23 ascii="#"
[2026-06-24 06:59:32.033] MACHINE_TO_DONGLE DEC_BYTE raw4=DF FB FB DF -> 69 ascii="i"
[2026-06-24 06:59:32.114] MACHINE_TO_DONGLE DEC_BYTE raw4=FF DF FF DF -> 77 ascii="w"
[2026-06-24 06:59:32.135] MACHINE_TO_DONGLE DEC_BYTE raw4=DB DF FB DB -> 24 ascii="$"
[2026-06-24 06:59:32.216] MACHINE_TO_DONGLE DEC_BYTE raw4=FF DB DF DF -> 53 ascii="S"
[2026-06-24 06:59:32.257] MACHINE_TO_DONGLE DEC_BYTE raw4=FB DF FF DF -> 76 ascii="v"
[2026-06-24 06:59:32.338] MACHINE_TO_DONGLE DEC_BYTE raw4=FB DB FF DF -> 72 ascii="r"
[2026-06-24 06:59:32.379] MACHINE_TO_DONGLE DEC_BYTE raw4=DF FF DB DB -> 0D ascii="\r"
[2026-06-24 06:59:32.379] MACHINE_TO_DONGLE DEC_LINE len=43 hex=26 7A 1F 9D F1 9E 7C 97 08 74 23 84 C6 12 69 F6 AB A0 8C 14 15 77 24 1B 8D 8F BE 9F EE E2 53 A0 18 76 94 06 87 CA 08 72 1B A6 0D ascii="&z....|..t#...i......w$.......S..v.....r..\r"
[2026-06-24 06:59:32.380] MACHINE_TO_DONGLE DEC_BYTE raw4=FB FB DB DB -> 0A ascii="\n"
[2026-06-24 06:59:32.381] MACHINE_TO_DONGLE DEC_LINE len=1 hex=0A ascii="\n"
[2026-06-24 06:59:32.543] MACHINE_TO_DONGLE RESYNC offset=0 score=31 preview_hex=26 09 DA 8A 30 05 8C 35 preview_ascii="&\t..0..5"
[2026-06-24 06:59:32.544] MACHINE_TO_DONGLE DEC_BYTE raw4=FB DF FB DB -> 26 ascii="&"
[2026-06-24 06:59:32.544] MACHINE_TO_DONGLE DEC_BYTE raw4=DB DB FF DB -> 30 ascii="0"
[2026-06-24 06:59:32.545] MACHINE_TO_DONGLE DEC_BYTE raw4=DF DF FF DB -> 35 ascii="5"
[2026-06-24 06:59:32.565] MACHINE_TO_DONGLE DEC_BYTE raw4=FB FF FF DF -> 7E ascii="~"
[2026-06-24 06:59:32.606] MACHINE_TO_DONGLE DEC_BYTE raw4=FB FB FF DF -> 7A ascii="z"
[2026-06-24 06:59:32.627] MACHINE_TO_DONGLE DEC_BYTE raw4=DB DB DB DF -> 40 ascii="@"
[2026-06-24 06:59:32.627] MACHINE_TO_DONGLE DEC_BYTE raw4=FF FB FB DB -> 2B ascii="+"
[2026-06-24 06:59:32.789] MACHINE_TO_DONGLE DEC_BYTE raw4=FB FB DF DF -> 5A ascii="Z"
[2026-06-24 06:59:32.831] MACHINE_TO_DONGLE DEC_BYTE raw4=FB DB FB DF -> 62 ascii="b"
[2026-06-24 06:59:32.852] MACHINE_TO_DONGLE DEC_BYTE raw4=DB DB DB DF -> 40 ascii="@"
[2026-06-24 06:59:32.893] MACHINE_TO_DONGLE DEC_BYTE raw4=DB FF DF DF -> 5C ascii="\"
[2026-06-24 06:59:32.913] MACHINE_TO_DONGLE DEC_BYTE raw4=FF DF DB DF -> 47 ascii="G"
[2026-06-24 06:59:32.934] MACHINE_TO_DONGLE DEC_BYTE raw4=DB FB FF DB -> 38 ascii="8"
[2026-06-24 06:59:32.955] MACHINE_TO_DONGLE DEC_BYTE raw4=DF FF DB DB -> 0D ascii="\r"
[2026-06-24 06:59:32.956] MACHINE_TO_DONGLE DEC_LINE len=41 hex=26 09 DA 8A 30 05 8C 35 0C 7E C1 7A 9B 40 2B 16 FC D4 E4 C2 DD CC B0 87 EC 93 05 5A A8 AA FE 62 40 A7 1F FB 5C 10 47 38 0D ascii="&\t..0..5.~.z.@+............Z...b@...\.G8\r"
[2026-06-24 06:59:32.957] MACHINE_TO_DONGLE DEC_BYTE raw4=FB FB DB DB -> 0A ascii="\n"
[2026-06-24 06:59:32.957] MACHINE_TO_DONGLE DEC_LINE len=1 hex=0A ascii="\n"
[2026-06-24 06:59:34.551] MACHINE_TO_DONGLE RESYNC offset=0 score=36 preview_hex=26 C4 6E 75 BE 1E A6 6E preview_ascii="&.nu...n"
[2026-06-24 06:59:34.551] MACHINE_TO_DONGLE DEC_BYTE raw4=FB DF FB DB -> 26 ascii="&"
[2026-06-24 06:59:34.552] MACHINE_TO_DONGLE DEC_BYTE raw4=FB FF FB DF -> 6E ascii="n"
[2026-06-24 06:59:34.553] MACHINE_TO_DONGLE DEC_BYTE raw4=DF DF FF DF -> 75 ascii="u"
[2026-06-24 06:59:34.555] MACHINE_TO_DONGLE DEC_BYTE raw4=FB FF FB DF -> 6E ascii="n"
[2026-06-24 06:59:34.596] MACHINE_TO_DONGLE DEC_BYTE raw4=DF FB FF DF -> 79 ascii="y"
[2026-06-24 06:59:34.617] MACHINE_TO_DONGLE DEC_BYTE raw4=FB FF DB DF -> 4E ascii="N"
[2026-06-24 06:59:34.678] MACHINE_TO_DONGLE DEC_BYTE raw4=DF DB DF DF -> 51 ascii="Q"
[2026-06-24 06:59:34.699] MACHINE_TO_DONGLE DEC_BYTE raw4=DB DB FB DB -> 20 ascii=" "
[2026-06-24 06:59:34.740] MACHINE_TO_DONGLE DEC_BYTE raw4=FF FB FF DB -> 3B ascii=";"
[2026-06-24 06:59:34.741] MACHINE_TO_DONGLE DEC_BYTE raw4=FF DF FF DB -> 37 ascii="7"
[2026-06-24 06:59:34.761] MACHINE_TO_DONGLE DEC_BYTE raw4=FF DB FB DB -> 23 ascii="#"
[2026-06-24 06:59:34.803] MACHINE_TO_DONGLE DEC_BYTE raw4=FF DB DB DF -> 43 ascii="C"
[2026-06-24 06:59:34.824] MACHINE_TO_DONGLE DEC_BYTE raw4=DB FF FB DB -> 2C ascii=","
[2026-06-24 06:59:34.845] MACHINE_TO_DONGLE DEC_BYTE raw4=DF DF FF DF -> 75 ascii="u"
[2026-06-24 06:59:34.967] MACHINE_TO_DONGLE DEC_BYTE raw4=DF FF DB DB -> 0D ascii="\r"
[2026-06-24 06:59:34.967] MACHINE_TO_DONGLE DEC_LINE len=42 hex=26 C4 6E 75 BE 1E A6 6E 97 8B 79 AE 4E C7 17 F7 C5 51 82 20 C8 E3 3B 37 23 1B 8A 1E 43 2C C7 75 D4 03 ED B0 BC F9 F4 AF C6 0D ascii="&.nu...n..y.N....Q. ..;7#...C,.u.........\r"
[2026-06-24 06:59:34.968] MACHINE_TO_DONGLE DEC_BYTE raw4=FB FB DB DB -> 0A ascii="\n"
[2026-06-24 06:59:34.968] MACHINE_TO_DONGLE DEC_LINE len=1 hex=0A ascii="\n"
[2026-06-24 06:59:35.170] MACHINE_TO_DONGLE DEC_BYTE raw4=FB DF FB DB -> 26 ascii="&"
[2026-06-24 06:59:35.192] MACHINE_TO_DONGLE DEC_BYTE raw4=FB FB DB DF -> 4A ascii="J"
[2026-06-24 06:59:35.253] MACHINE_TO_DONGLE DEC_BYTE raw4=FF DF FF DF -> 77 ascii="w"
[2026-06-24 06:59:35.275] MACHINE_TO_DONGLE DEC_BYTE raw4=DB DB FF DF -> 70 ascii="p"
[2026-06-24 06:59:35.296] MACHINE_TO_DONGLE DEC_BYTE raw4=FB FF FB DF -> 6E ascii="n"
[2026-06-24 06:59:35.317] MACHINE_TO_DONGLE DEC_BYTE raw4=DF FF FF DF -> 7D ascii="}"
[2026-06-24 06:59:35.358] MACHINE_TO_DONGLE DEC_BYTE raw4=DB FF FF DF -> 7C ascii="|"
[2026-06-24 06:59:35.419] MACHINE_TO_DONGLE DEC_BYTE raw4=FB DB FB DF -> 62 ascii="b"
[2026-06-24 06:59:35.441] MACHINE_TO_DONGLE DEC_BYTE raw4=FB FB FF DB -> 3A ascii=":"
[2026-06-24 06:59:35.462] MACHINE_TO_DONGLE DEC_BYTE raw4=FB DB FB DF -> 62 ascii="b"
[2026-06-24 06:59:35.483] MACHINE_TO_DONGLE DEC_BYTE raw4=DB FB FF DF -> 78 ascii="x"
[2026-06-24 06:59:35.626] MACHINE_TO_DONGLE DEC_BYTE raw4=FB DF DF DF -> 56 ascii="V"
[2026-06-24 06:59:35.646] MACHINE_TO_DONGLE DEC_BYTE raw4=DF FF DB DB -> 0D ascii="\r"
[2026-06-24 06:59:35.647] MACHINE_TO_DONGLE DEC_LINE len=41 hex=26 4A BB F1 C3 1E F9 77 C1 70 6E 1A 06 7D A5 96 7C 8E A8 AA FE 62 3A FB 62 85 78 A8 08 B1 FB E5 14 FD 14 F9 C2 A5 56 96 0D ascii="&J.....w.pn..}..|....b:.b.x...........V.\r"
[2026-06-24 06:59:36.412] DONGLE_TO_MACHINE DEC_BYTE raw4=FB DF FB DB -> 26 ascii="&"
[2026-06-24 06:59:36.418] DONGLE_TO_MACHINE DEC_BYTE raw4=FF FB FF DF -> 7B ascii="{"
[2026-06-24 06:59:36.430] DONGLE_TO_MACHINE DEC_BYTE raw4=DB FB FF DF -> 78 ascii="x"
[2026-06-24 06:59:36.436] DONGLE_TO_MACHINE DEC_BYTE raw4=FB FB DB DF -> 4A ascii="J"
[2026-06-24 06:59:36.447] DONGLE_TO_MACHINE DEC_BYTE raw4=DF FB FB DF -> 69 ascii="i"
[2026-06-24 06:59:36.464] DONGLE_TO_MACHINE DEC_BYTE raw4=DB DF FF DF -> 74 ascii="t"
[2026-06-24 06:59:36.476] DONGLE_TO_MACHINE DEC_BYTE raw4=DF FF DB DB -> 0D ascii="\r"
[2026-06-24 06:59:36.476] DONGLE_TO_MACHINE DEC_LINE len=11 hex=26 7B E3 78 4A 1F 69 FD 74 EF 0D ascii="&{.xJ.i.t.\r"
[2026-06-24 06:59:36.482] DONGLE_TO_MACHINE DEC_BYTE raw4=FB FB DB DB -> 0A ascii="\n"
[2026-06-24 06:59:36.483] DONGLE_TO_MACHINE DEC_LINE len=1 hex=0A ascii="\n"
[2026-06-24 06:59:36.577] MACHINE_TO_DONGLE RESYNC offset=0 score=38 preview_hex=0A 26 58 1C BD 18 91 21 preview_ascii="\n&X....!"
[2026-06-24 06:59:36.577] MACHINE_TO_DONGLE DEC_BYTE raw4=FB FB DB DB -> 0A ascii="\n"
[2026-06-24 06:59:36.577] MACHINE_TO_DONGLE DEC_LINE len=1 hex=0A ascii="\n"
[2026-06-24 06:59:36.578] MACHINE_TO_DONGLE DEC_BYTE raw4=FB DF FB DB -> 26 ascii="&"
[2026-06-24 06:59:36.578] MACHINE_TO_DONGLE DEC_BYTE raw4=DB FB DF DF -> 58 ascii="X"
[2026-06-24 06:59:36.578] MACHINE_TO_DONGLE DEC_BYTE raw4=DF DB FB DB -> 21 ascii="!"
[2026-06-24 06:59:36.599] MACHINE_TO_DONGLE DEC_BYTE raw4=DF FF DB DB -> 0D ascii="\r"
[2026-06-24 06:59:36.599] MACHINE_TO_DONGLE DEC_LINE len=8 hex=26 58 1C BD 18 91 21 0D ascii="&X....!\r"
[2026-06-24 06:59:36.600] MACHINE_TO_DONGLE DEC_BYTE raw4=FB FB DB DB -> 0A ascii="\n"
[2026-06-24 06:59:36.601] MACHINE_TO_DONGLE DEC_LINE len=1 hex=0A ascii="\n"
[2026-06-24 06:59:36.711] DONGLE_TO_MACHINE DEC_BYTE raw4=FB DF FB DB -> 26 ascii="&"
[2026-06-24 06:59:36.739] DONGLE_TO_MACHINE DEC_BYTE raw4=FF DB DF DF -> 53 ascii="S"
[2026-06-24 06:59:36.767] DONGLE_TO_MACHINE DEC_BYTE raw4=DF DB FB DF -> 61 ascii="a"
[2026-06-24 06:59:36.779] DONGLE_TO_MACHINE DEC_BYTE raw4=DF FF DB DB -> 0D ascii="\r"
[2026-06-24 06:59:36.779] DONGLE_TO_MACHINE DEC_LINE len=11 hex=26 E0 8D C8 53 B8 B4 9F 61 B2 0D ascii="&...S...a.\r"
[2026-06-24 06:59:36.785] DONGLE_TO_MACHINE DEC_BYTE raw4=FB FB DB DB -> 0A ascii="\n"
[2026-06-24 06:59:36.786] DONGLE_TO_MACHINE DEC_LINE len=1 hex=0A ascii="\n"
[2026-06-24 06:59:36.803] MACHINE_TO_DONGLE DEC_BYTE raw4=FB DF FB DB -> 26 ascii="&"
[2026-06-24 06:59:36.824] MACHINE_TO_DONGLE DEC_BYTE raw4=FF FB FB DB -> 2B ascii="+"
[2026-06-24 06:59:36.844] MACHINE_TO_DONGLE DEC_BYTE raw4=DB FB DB DF -> 48 ascii="H"
[2026-06-24 06:59:36.865] MACHINE_TO_DONGLE DEC_BYTE raw4=DB FB FF DF -> 78 ascii="x"
[2026-06-24 06:59:36.885] MACHINE_TO_DONGLE DEC_BYTE raw4=DB DB DB DF -> 40 ascii="@"
[2026-06-24 06:59:36.906] MACHINE_TO_DONGLE DEC_BYTE raw4=FB FF FF DB -> 3E ascii=">"
[2026-06-24 06:59:36.947] MACHINE_TO_DONGLE DEC_BYTE raw4=DB FB DF DF -> 58 ascii="X"
[2026-06-24 06:59:36.987] MACHINE_TO_DONGLE DEC_BYTE raw4=DF FF DB DB -> 0D ascii="\r"
[2026-06-24 06:59:36.988] MACHINE_TO_DONGLE DEC_LINE len=16 hex=26 CA 2B 48 A5 78 9B 40 3E 1D A5 58 EB FF E3 0D ascii="&.+H.x.@>..X...\r"
[2026-06-24 06:59:37.008] MACHINE_TO_DONGLE DEC_BYTE raw4=FB FB DB DB -> 0A ascii="\n"
[2026-06-24 06:59:37.008] MACHINE_TO_DONGLE DEC_LINE len=1 hex=0A ascii="\n"
[2026-06-24 06:59:37.774] MACHINE_TO_DONGLE DEC_BYTE raw4=FB DF FB DB -> 26 ascii="&"
[2026-06-24 06:59:37.795] MACHINE_TO_DONGLE DEC_BYTE raw4=DF DB FF DB -> 31 ascii="1"
[2026-06-24 06:59:37.795] MACHINE_TO_DONGLE DEC_BYTE raw4=FF DF FF DB -> 37 ascii="7"
[2026-06-24 06:59:37.856] MACHINE_TO_DONGLE DEC_BYTE raw4=FB DB FB DB -> 22 ascii="""
[2026-06-24 06:59:37.877] MACHINE_TO_DONGLE DEC_BYTE raw4=FF FB FF DF -> 7B ascii="{"
[2026-06-24 06:59:37.877] MACHINE_TO_DONGLE DEC_BYTE raw4=FF DF DF DF -> 57 ascii="W"
[2026-06-24 06:59:37.913] DONGLE_TO_MACHINE DEC_BYTE raw4=FB DF FB DB -> 26 ascii="&"
[2026-06-24 06:59:37.938] MACHINE_TO_DONGLE DEC_BYTE raw4=FB DF FF DF -> 76 ascii="v"
[2026-06-24 06:59:37.957] DONGLE_TO_MACHINE DEC_BYTE raw4=DB FF FB DF -> 6C ascii="l"
[2026-06-24 06:59:37.959] MACHINE_TO_DONGLE DEC_BYTE raw4=DB FF DF DF -> 5C ascii="\"
[2026-06-24 06:59:37.979] DONGLE_TO_MACHINE DEC_BYTE raw4=DF FF DB DB -> 0D ascii="\r"
[2026-06-24 06:59:37.980] DONGLE_TO_MACHINE DEC_LINE len=11 hex=26 B8 1C 9F EA 12 BA 6C E4 CB 0D ascii="&......l..\r"
[2026-06-24 06:59:37.987] DONGLE_TO_MACHINE DEC_BYTE raw4=FB FB DB DB -> 0A ascii="\n"
[2026-06-24 06:59:37.987] DONGLE_TO_MACHINE DEC_LINE len=1 hex=0A ascii="\n"
[2026-06-24 06:59:38.081] MACHINE_TO_DONGLE DEC_BYTE raw4=DB DF FB DB -> 24 ascii="$"
[2026-06-24 06:59:38.081] MACHINE_TO_DONGLE DEC_BYTE raw4=DB FB DF DF -> 58 ascii="X"
[2026-06-24 06:59:38.102] MACHINE_TO_DONGLE DEC_BYTE raw4=DB DB FB DF -> 60 ascii="`"
[2026-06-24 06:59:38.122] MACHINE_TO_DONGLE DEC_BYTE raw4=FB FB FB DF -> 6A ascii="j"
[2026-06-24 06:59:38.204] MACHINE_TO_DONGLE DEC_BYTE raw4=FF FF DF DF -> 5F ascii="_"
[2026-06-24 06:59:38.225] MACHINE_TO_DONGLE DEC_BYTE raw4=DB FF FF DB -> 3C ascii="<"
[2026-06-24 06:59:38.266] MACHINE_TO_DONGLE DEC_BYTE raw4=DF FF DB DB -> 0D ascii="\r"
[2026-06-24 06:59:38.266] MACHINE_TO_DONGLE DEC_LINE len=41 hex=26 31 37 92 CE E8 EF 22 7B 57 C1 84 17 76 18 0F 5C 87 BC E9 AC 92 98 95 E9 24 58 60 D2 6A 84 BE BF 13 F1 5F 81 0F 3C 93 0D ascii="&17...."{W...v..\........$X`.j....._..<.\r"
[2026-06-24 06:59:38.267] MACHINE_TO_DONGLE DEC_BYTE raw4=FB FB DB DB -> 0A ascii="\n"
[2026-06-24 06:59:38.267] MACHINE_TO_DONGLE DEC_LINE len=1 hex=0A ascii="\n"
[2026-06-24 06:59:38.288] MACHINE_TO_DONGLE DEC_BYTE raw4=FB DF FB DB -> 26 ascii="&"
[2026-06-24 06:59:38.349] MACHINE_TO_DONGLE DEC_BYTE raw4=FB FB FB DB -> 2A ascii="*"
[2026-06-24 06:59:38.390] MACHINE_TO_DONGLE DEC_BYTE raw4=DF FF DB DB -> 0D ascii="\r"
[2026-06-24 06:59:38.390] MACHINE_TO_DONGLE DEC_LINE len=9 hex=26 99 1B A6 2A 97 94 AC 0D ascii="&...*...\r"
[2026-06-24 06:59:38.391] MACHINE_TO_DONGLE DEC_BYTE raw4=FB FB DB DB -> 0A ascii="\n"
[2026-06-24 06:59:38.391] MACHINE_TO_DONGLE DEC_LINE len=1 hex=0A ascii="\n"
[2026-06-24 06:59:40.286] MACHINE_TO_DONGLE DEC_BYTE raw4=FB DF FB DB -> 26 ascii="&"
[2026-06-24 06:59:40.327] MACHINE_TO_DONGLE DEC_BYTE raw4=FF DF FB DF -> 67 ascii="g"
[2026-06-24 06:59:40.348] MACHINE_TO_DONGLE DEC_BYTE raw4=DF FF DB DF -> 4D ascii="M"
[2026-06-24 06:59:40.429] MACHINE_TO_DONGLE DEC_BYTE raw4=DB DF DB DF -> 44 ascii="D"
[2026-06-24 06:59:40.491] MACHINE_TO_DONGLE DEC_BYTE raw4=DB DF DF DF -> 54 ascii="T"
[2026-06-24 06:59:40.511] MACHINE_TO_DONGLE DEC_BYTE raw4=DF DB DF DF -> 51 ascii="Q"
[2026-06-24 06:59:40.532] MACHINE_TO_DONGLE DEC_BYTE raw4=DB DF FB DB -> 24 ascii="$"
[2026-06-24 06:59:40.553] MACHINE_TO_DONGLE DEC_BYTE raw4=DB FB FB DF -> 68 ascii="h"
[2026-06-24 06:59:40.574] MACHINE_TO_DONGLE DEC_BYTE raw4=DF DB FF DB -> 31 ascii="1"
[2026-06-24 06:59:40.594] MACHINE_TO_DONGLE DEC_BYTE raw4=FB FF FF DF -> 7E ascii="~"
[2026-06-24 06:59:40.676] MACHINE_TO_DONGLE DEC_BYTE raw4=DF DB FB DF -> 61 ascii="a"
[2026-06-24 06:59:40.717] MACHINE_TO_DONGLE DEC_BYTE raw4=FF DF FF DF -> 77 ascii="w"
[2026-06-24 06:59:40.758] MACHINE_TO_DONGLE DEC_BYTE raw4=DB DF FB DB -> 24 ascii="$"
[2026-06-24 06:59:40.779] MACHINE_TO_DONGLE DEC_BYTE raw4=DB DB DF DF -> 50 ascii="P"
[2026-06-24 06:59:40.799] MACHINE_TO_DONGLE DEC_BYTE raw4=DF FF DB DB -> 0D ascii="\r"
[2026-06-24 06:59:40.800] MACHINE_TO_DONGLE DEC_LINE len=43 hex=26 BF 67 90 7F 4D 1F C2 C9 B7 BB 44 FF 1B 8A DE 54 ED 51 DE 24 68 B9 31 85 7E DF 1B 9B 83 D2 61 08 92 19 77 DD D5 E9 24 50 F0 0D ascii="&.g..M.....D....T.Q.$h.1.~.....a...w...$P.\r"
[2026-06-24 06:59:40.903] MACHINE_TO_DONGLE RESYNC offset=0 score=38 preview_hex=0A 26 41 9D 67 CB 18 F9 preview_ascii="\n&A.g..."
[2026-06-24 06:59:40.903] MACHINE_TO_DONGLE DEC_BYTE raw4=FB FB DB DB -> 0A ascii="\n"
[2026-06-24 06:59:40.903] MACHINE_TO_DONGLE DEC_LINE len=1 hex=0A ascii="\n"
[2026-06-24 06:59:40.904] MACHINE_TO_DONGLE DEC_BYTE raw4=FB DF FB DB -> 26 ascii="&"
[2026-06-24 06:59:40.904] MACHINE_TO_DONGLE DEC_BYTE raw4=DF DB DB DF -> 41 ascii="A"
[2026-06-24 06:59:40.904] MACHINE_TO_DONGLE DEC_BYTE raw4=FF DF FB DF -> 67 ascii="g"
[2026-06-24 06:59:40.925] MACHINE_TO_DONGLE DEC_BYTE raw4=FF DF FB DF -> 67 ascii="g"
[2026-06-24 06:59:40.946] MACHINE_TO_DONGLE DEC_BYTE raw4=DB DF FF DF -> 74 ascii="t"
[2026-06-24 06:59:40.966] MACHINE_TO_DONGLE DEC_BYTE raw4=DF DF FB DB -> 25 ascii="%"
[2026-06-24 06:59:40.967] MACHINE_TO_DONGLE DEC_BYTE raw4=FB DF FF DF -> 76 ascii="v"
[2026-06-24 06:59:40.987] MACHINE_TO_DONGLE DEC_BYTE raw4=FF FF FB DF -> 6F ascii="o"
[2026-06-24 06:59:41.028] MACHINE_TO_DONGLE DEC_BYTE raw4=DF FF DF DF -> 5D ascii="]"
[2026-06-24 06:59:41.049] MACHINE_TO_DONGLE DEC_BYTE raw4=FB FB FF DF -> 7A ascii="z"
[2026-06-24 06:59:41.070] MACHINE_TO_DONGLE DEC_BYTE raw4=FF FF FF DB -> 3F ascii="?"
[2026-06-24 06:59:41.131] MACHINE_TO_DONGLE DEC_BYTE raw4=FF DF FB DB -> 27 ascii="'"
[2026-06-24 06:59:41.132] MACHINE_TO_DONGLE DEC_BYTE raw4=FF DF FB DF -> 67 ascii="g"
[2026-06-24 06:59:41.193] MACHINE_TO_DONGLE DEC_BYTE raw4=DF FB FB DF -> 69 ascii="i"
[2026-06-24 06:59:41.274] MACHINE_TO_DONGLE DEC_BYTE raw4=FB FF FF DF -> 7E ascii="~"
[2026-06-24 06:59:41.295] MACHINE_TO_DONGLE DEC_BYTE raw4=FB DF DB DF -> 46 ascii="F"
[2026-06-24 06:59:41.316] MACHINE_TO_DONGLE DEC_BYTE raw4=DF FF DB DB -> 0D ascii="\r"
[2026-06-24 06:59:41.316] MACHINE_TO_DONGLE DEC_LINE len=41 hex=26 41 9D 67 CB 18 F9 67 A1 74 25 76 6F CB C9 18 5D A5 7A F2 3F C0 D8 CC 27 67 AA D6 04 17 69 D1 D3 16 15 FB 7E AE 46 EF 0D ascii="&A.g...g.t%vo...].z.?...'g....i.....~.F.\r"
[2026-06-24 06:59:41.337] MACHINE_TO_DONGLE DEC_BYTE raw4=FB FB DB DB -> 0A ascii="\n"
[2026-06-24 06:59:41.338] MACHINE_TO_DONGLE DEC_LINE len=1 hex=0A ascii="\n"
[2026-06-24 06:59:42.386] MACHINE_TO_DONGLE DEC_BYTE raw4=FB DF FB DB -> 26 ascii="&"
[2026-06-24 06:59:42.407] MACHINE_TO_DONGLE DEC_BYTE raw4=FB DF DF DF -> 56 ascii="V"
[2026-06-24 06:59:42.468] MACHINE_TO_DONGLE DEC_BYTE raw4=DF DF FF DF -> 75 ascii="u"
[2026-06-24 06:59:42.509] MACHINE_TO_DONGLE DEC_BYTE raw4=DB DF FB DF -> 64 ascii="d"
[2026-06-24 06:59:42.530] MACHINE_TO_DONGLE DEC_BYTE raw4=FB DB FB DB -> 22 ascii="""
[2026-06-24 06:59:42.530] MACHINE_TO_DONGLE DEC_BYTE raw4=FB DB FB DB -> 22 ascii="""
[2026-06-24 06:59:42.591] MACHINE_TO_DONGLE DEC_BYTE raw4=DF DF FF DF -> 75 ascii="u"
[2026-06-24 06:59:42.673] MACHINE_TO_DONGLE DEC_BYTE raw4=DB DF DF DF -> 54 ascii="T"
[2026-06-24 06:59:42.734] MACHINE_TO_DONGLE DEC_BYTE raw4=DF DF FB DF -> 65 ascii="e"
[2026-06-24 06:59:42.755] MACHINE_TO_DONGLE DEC_BYTE raw4=DB FF DB DF -> 4C ascii="L"
[2026-06-24 06:59:42.775] MACHINE_TO_DONGLE DEC_BYTE raw4=DB DB FB DB -> 20 ascii=" "
[2026-06-24 06:59:42.857] MACHINE_TO_DONGLE DEC_BYTE raw4=FF DB FF DF -> 73 ascii="s"
[2026-06-24 06:59:42.857] MACHINE_TO_DONGLE DEC_BYTE raw4=DB FB FB DF -> 68 ascii="h"
[2026-06-24 06:59:42.918] MACHINE_TO_DONGLE DEC_BYTE raw4=DF FF DB DB -> 0D ascii="\r"
[2026-06-24 06:59:42.919] MACHINE_TO_DONGLE DEC_LINE len=45 hex=26 56 FE B2 09 9E FD 75 1B A6 64 22 22 1B 9B F2 75 19 B2 DF 1B 9B 9F 54 19 82 1B 8D ED 65 D9 4C 20 0B E0 DE E4 EC 73 68 85 B1 B3 E6 0D ascii="&V..\t..u..d""...u......T.....e.L .....sh....\r"
[2026-06-24 06:59:43.021] MACHINE_TO_DONGLE RESYNC offset=0 score=28 preview_hex=0A 26 B9 03 88 1E EC E5 preview_ascii="\n&......"
[2026-06-24 06:59:43.022] MACHINE_TO_DONGLE DEC_BYTE raw4=FB FB DB DB -> 0A ascii="\n"
[2026-06-24 06:59:43.022] MACHINE_TO_DONGLE DEC_LINE len=1 hex=0A ascii="\n"
[2026-06-24 06:59:43.023] MACHINE_TO_DONGLE DEC_BYTE raw4=FB DF FB DB -> 26 ascii="&"
[2026-06-24 06:59:43.043] MACHINE_TO_DONGLE DEC_BYTE raw4=DB DB DF DF -> 50 ascii="P"
[2026-06-24 06:59:43.044] MACHINE_TO_DONGLE DEC_BYTE raw4=FB FF DB DF -> 4E ascii="N"
[2026-06-24 06:59:43.084] MACHINE_TO_DONGLE DEC_BYTE raw4=FB FF FB DB -> 2E ascii="."
[2026-06-24 06:59:43.105] MACHINE_TO_DONGLE DEC_BYTE raw4=DB DF FF DF -> 74 ascii="t"
[2026-06-24 06:59:43.126] MACHINE_TO_DONGLE DEC_BYTE raw4=DB DF FF DF -> 74 ascii="t"
[2026-06-24 06:59:43.146] MACHINE_TO_DONGLE DEC_BYTE raw4=FF DF FB DF -> 67 ascii="g"
[2026-06-24 06:59:43.167] MACHINE_TO_DONGLE DEC_BYTE raw4=FF DF FB DF -> 67 ascii="g"
[2026-06-24 06:59:43.168] MACHINE_TO_DONGLE DEC_BYTE raw4=DB DB DF DF -> 50 ascii="P"
[2026-06-24 06:59:43.208] MACHINE_TO_DONGLE DEC_BYTE raw4=FF DF FB DF -> 67 ascii="g"
[2026-06-24 06:59:43.290] MACHINE_TO_DONGLE DEC_BYTE raw4=DB DF FB DB -> 24 ascii="$"
[2026-06-24 06:59:43.371] MACHINE_TO_DONGLE DEC_BYTE raw4=DF DB DF DF -> 51 ascii="Q"
[2026-06-24 06:59:43.392] MACHINE_TO_DONGLE DEC_BYTE raw4=FF FF FB DB -> 2F ascii="/"
[2026-06-24 06:59:43.433] MACHINE_TO_DONGLE DEC_BYTE raw4=FF DB DB DF -> 43 ascii="C"
[2026-06-24 06:59:43.454] MACHINE_TO_DONGLE DEC_BYTE raw4=DF FF DB DB -> 0D ascii="\r"
[2026-06-24 06:59:43.454] MACHINE_TO_DONGLE DEC_LINE len=42 hex=26 B9 03 88 1E EC E5 50 4E C4 2E 96 74 C1 0F 74 67 67 50 BD 12 67 93 92 ED B1 7F DD 24 1B 8D 8F BE B2 A0 51 2F A0 18 9E 43 0D ascii="&......PN...t..tggP..g......$......Q/...C\r"
[2026-06-24 06:59:43.455] MACHINE_TO_DONGLE DEC_BYTE raw4=FB FB DB DB -> 0A ascii="\n"
[2026-06-24 06:59:43.455] MACHINE_TO_DONGLE DEC_LINE len=1 hex=0A ascii="\n"
[2026-06-24 06:59:44.886] MACHINE_TO_DONGLE DEC_BYTE raw4=FB DF FB DB -> 26 ascii="&"
[2026-06-24 06:59:44.928] MACHINE_TO_DONGLE DEC_BYTE raw4=DF FF FF DF -> 7D ascii="}"
[2026-06-24 06:59:44.989] MACHINE_TO_DONGLE DEC_BYTE raw4=DB DF FF DF -> 74 ascii="t"
[2026-06-24 06:59:45.010] MACHINE_TO_DONGLE DEC_BYTE raw4=DB FF FB DB -> 2C ascii=","
[2026-06-24 06:59:45.071] MACHINE_TO_DONGLE DEC_BYTE raw4=FB FB DF DF -> 5A ascii="Z"
[2026-06-24 06:59:45.072] MACHINE_TO_DONGLE DEC_BYTE raw4=DB DB FB DF -> 60 ascii="`"
[2026-06-24 06:59:45.133] MACHINE_TO_DONGLE DEC_BYTE raw4=FB FF FB DF -> 6E ascii="n"
[2026-06-24 06:59:45.174] MACHINE_TO_DONGLE DEC_BYTE raw4=FF FF DF DF -> 5F ascii="_"
[2026-06-24 06:59:45.175] MACHINE_TO_DONGLE DEC_BYTE raw4=DB FF DF DF -> 5C ascii="\"
[2026-06-24 06:59:45.195] MACHINE_TO_DONGLE DEC_BYTE raw4=FF DF FB DF -> 67 ascii="g"
[2026-06-24 06:59:45.216] MACHINE_TO_DONGLE DEC_BYTE raw4=DF DB DF DF -> 51 ascii="Q"
[2026-06-24 06:59:45.237] MACHINE_TO_DONGLE DEC_BYTE raw4=DF DB FF DF -> 71 ascii="q"
[2026-06-24 06:59:45.339] MACHINE_TO_DONGLE DEC_BYTE raw4=DF FB DF DF -> 59 ascii="Y"
[2026-06-24 06:59:45.360] MACHINE_TO_DONGLE DEC_BYTE raw4=DF FF DB DB -> 0D ascii="\r"
[2026-06-24 06:59:45.360] MACHINE_TO_DONGLE DEC_LINE len=41 hex=26 93 9B 7D E5 9D C5 BF CA 74 2C B3 CB B2 13 5A 60 EB 0F D5 E4 6E A9 5F 5C 81 67 96 51 71 F0 C7 18 9B 12 FF CF B3 59 A1 0D ascii="&..}.....t,....Z`....n._\.g.Qq........Y.\r"
[2026-06-24 06:59:45.563] MACHINE_TO_DONGLE RESYNC offset=0 score=33 preview_hex=0A 26 9A 8F F2 A8 76 C7 preview_ascii="\n&....v."
[2026-06-24 06:59:45.564] MACHINE_TO_DONGLE DEC_BYTE raw4=FB FB DB DB -> 0A ascii="\n"
[2026-06-24 06:59:45.564] MACHINE_TO_DONGLE DEC_LINE len=1 hex=0A ascii="\n"
[2026-06-24 06:59:45.565] MACHINE_TO_DONGLE DEC_BYTE raw4=FB DF FB DB -> 26 ascii="&"
[2026-06-24 06:59:45.565] MACHINE_TO_DONGLE DEC_BYTE raw4=FB DF FF DF -> 76 ascii="v"
[2026-06-24 06:59:45.586] MACHINE_TO_DONGLE DEC_BYTE raw4=DF FB FF DF -> 79 ascii="y"
[2026-06-24 06:59:45.587] MACHINE_TO_DONGLE DEC_BYTE raw4=FB FB FF DF -> 7A ascii="z"
[2026-06-24 06:59:45.608] MACHINE_TO_DONGLE DEC_BYTE raw4=FB DB FB DF -> 62 ascii="b"
[2026-06-24 06:59:45.650] MACHINE_TO_DONGLE DEC_BYTE raw4=FB FB FB DF -> 6A ascii="j"
[2026-06-24 06:59:45.711] MACHINE_TO_DONGLE DEC_BYTE raw4=DF FB FB DB -> 29 ascii=")"
[2026-06-24 06:59:45.732] MACHINE_TO_DONGLE DEC_BYTE raw4=FF DF FF DF -> 77 ascii="w"
[2026-06-24 06:59:45.753] MACHINE_TO_DONGLE DEC_BYTE raw4=DB DF FB DB -> 24 ascii="$"
[2026-06-24 06:59:45.834] MACHINE_TO_DONGLE DEC_BYTE raw4=DF DF DF DF -> 55 ascii="U"
[2026-06-24 06:59:45.855] MACHINE_TO_DONGLE DEC_BYTE raw4=FF DB DF DF -> 53 ascii="S"
[2026-06-24 06:59:45.876] MACHINE_TO_DONGLE DEC_BYTE raw4=DF DB FB DB -> 21 ascii="!"
[2026-06-24 06:59:45.977] MACHINE_TO_DONGLE DEC_BYTE raw4=DF DF FB DB -> 25 ascii="%"
[2026-06-24 06:59:45.978] MACHINE_TO_DONGLE DEC_BYTE raw4=FF DF DB DF -> 47 ascii="G"
[2026-06-24 06:59:45.999] MACHINE_TO_DONGLE DEC_BYTE raw4=DF FF DB DB -> 0D ascii="\r"
[2026-06-24 06:59:46.000] MACHINE_TO_DONGLE DEC_LINE len=43 hex=26 9A 8F F2 A8 76 C7 79 7A 62 89 C5 1B 9B 6A FD AC A3 29 14 15 77 24 1B 8D 8F BE 8C EE 55 53 A0 18 21 94 9F F7 C8 08 87 25 47 0D ascii="&....v.yzb....j...)..w$......US..!......%G\r"
[2026-06-24 06:59:46.001] MACHINE_TO_DONGLE DEC_BYTE raw4=FB FB DB DB -> 0A ascii="\n"
[2026-06-24 06:59:46.001] MACHINE_TO_DONGLE DEC_LINE len=1 hex=0A ascii="\n"
[2026-06-24 06:59:47.575] MACHINE_TO_DONGLE RESYNC offset=0 score=36 preview_hex=26 A5 A3 6E 84 44 CF 2E preview_ascii="&..n.D.."
[2026-06-24 06:59:47.576] MACHINE_TO_DONGLE DEC_BYTE raw4=FB DF FB DB -> 26 ascii="&"
[2026-06-24 06:59:47.576] MACHINE_TO_DONGLE DEC_BYTE raw4=FB FF FB DF -> 6E ascii="n"
[2026-06-24 06:59:47.576] MACHINE_TO_DONGLE DEC_BYTE raw4=DB DF DB DF -> 44 ascii="D"
[2026-06-24 06:59:47.576] MACHINE_TO_DONGLE DEC_BYTE raw4=FB FF FB DB -> 2E ascii="."
[2026-06-24 06:59:47.657] MACHINE_TO_DONGLE DEC_BYTE raw4=FB DF DF DF -> 56 ascii="V"
[2026-06-24 06:59:47.678] MACHINE_TO_DONGLE DEC_BYTE raw4=FB FF DB DF -> 4E ascii="N"
[2026-06-24 06:59:47.678] MACHINE_TO_DONGLE DEC_BYTE raw4=DB DF DB DF -> 44 ascii="D"
[2026-06-24 06:59:47.699] MACHINE_TO_DONGLE DEC_BYTE raw4=FB FB FF DF -> 7A ascii="z"
[2026-06-24 06:59:47.739] MACHINE_TO_DONGLE DEC_BYTE raw4=FB FB FF DB -> 3A ascii=":"
[2026-06-24 06:59:47.740] MACHINE_TO_DONGLE DEC_BYTE raw4=DB FF FB DB -> 2C ascii=","
[2026-06-24 06:59:47.760] MACHINE_TO_DONGLE DEC_BYTE raw4=DF DF FF DF -> 75 ascii="u"
[2026-06-24 06:59:47.882] MACHINE_TO_DONGLE DEC_BYTE raw4=FF DF DF DF -> 57 ascii="W"
[2026-06-24 06:59:47.902] MACHINE_TO_DONGLE DEC_BYTE raw4=FF DB DB DF -> 43 ascii="C"
[2026-06-24 06:59:47.943] MACHINE_TO_DONGLE DEC_BYTE raw4=FF DF FB DB -> 27 ascii="'"
[2026-06-24 06:59:47.984] MACHINE_TO_DONGLE DEC_BYTE raw4=DF FF DB DB -> 0D ascii="\r"
[2026-06-24 06:59:47.984] MACHINE_TO_DONGLE DEC_LINE len=41 hex=26 A5 A3 6E 84 44 CF 2E FF CF F1 CD D6 56 9F 4E 44 7A F0 DF 3A 2C C7 75 D4 A2 84 B7 FB F9 F4 E3 9F 57 43 AD 88 DB 27 FC 0D ascii="&..n.D.......V.NDz..:,.u.........WC...'.\r"
[2026-06-24 06:59:47.985] MACHINE_TO_DONGLE DEC_BYTE raw4=FB FB DB DB -> 0A ascii="\n"
[2026-06-24 06:59:47.985] MACHINE_TO_DONGLE DEC_LINE len=1 hex=0A ascii="\n"
[2026-06-24 06:59:48.086] MACHINE_TO_DONGLE DEC_BYTE raw4=FB DF FB DB -> 26 ascii="&"
[2026-06-24 06:59:48.147] MACHINE_TO_DONGLE DEC_BYTE raw4=FF FB DB DF -> 4B ascii="K"
[2026-06-24 06:59:48.207] MACHINE_TO_DONGLE DEC_BYTE raw4=DB DF DF DF -> 54 ascii="T"
[2026-06-24 06:59:48.208] MACHINE_TO_DONGLE DEC_BYTE raw4=FB FB FB DB -> 2A ascii="*"
[2026-06-24 06:59:48.228] MACHINE_TO_DONGLE DEC_BYTE raw4=FB DF FF DF -> 76 ascii="v"
[2026-06-24 06:59:48.329] MACHINE_TO_DONGLE DEC_BYTE raw4=FB DB FB DB -> 22 ascii="""
[2026-06-24 06:59:48.431] MACHINE_TO_DONGLE DEC_BYTE raw4=FF DF FB DF -> 67 ascii="g"
[2026-06-24 06:59:48.452] MACHINE_TO_DONGLE DEC_BYTE raw4=FB FB FF DF -> 7A ascii="z"
[2026-06-24 06:59:48.472] MACHINE_TO_DONGLE DEC_BYTE raw4=FF FF FF DB -> 3F ascii="?"
[2026-06-24 06:59:48.554] MACHINE_TO_DONGLE DEC_BYTE raw4=FB FF DB DF -> 4E ascii="N"
[2026-06-24 06:59:48.574] MACHINE_TO_DONGLE DEC_BYTE raw4=DF FF DB DB -> 0D ascii="\r"
[2026-06-24 06:59:48.575] MACHINE_TO_DONGLE DEC_LINE len=41 hex=26 E0 8D C8 4B B8 BE F5 D4 54 2A A9 76 E4 A8 F2 19 FE AF D4 22 DF 88 BA ED E7 F7 C5 67 7A F2 3F AC 9C 81 DD 01 F3 14 4E 0D ascii="&...K....T*.v.......".......gz.?.......N\r"
[2026-06-24 06:59:49.887] MACHINE_TO_DONGLE RESYNC offset=0 score=25 preview_hex=0A 26 E8 F4 9E B4 82 9C D4 preview_ascii="\n&......."
[2026-06-24 06:59:49.887] MACHINE_TO_DONGLE DEC_BYTE raw4=FB FB DB DB -> 0A ascii="\n"
[2026-06-24 06:59:49.888] MACHINE_TO_DONGLE DEC_LINE len=1 hex=0A ascii="\n"
[2026-06-24 06:59:49.888] MACHINE_TO_DONGLE DEC_BYTE raw4=FB DF FB DB -> 26 ascii="&"
[2026-06-24 06:59:49.929] MACHINE_TO_DONGLE DEC_BYTE raw4=DB DF FB DF -> 64 ascii="d"
[2026-06-24 06:59:49.950] MACHINE_TO_DONGLE DEC_BYTE raw4=DF FF DB DB -> 0D ascii="\r"
[2026-06-24 06:59:49.950] MACHINE_TO_DONGLE DEC_LINE len=13 hex=26 E8 F4 9E B4 82 9C D4 89 BC 64 C0 0D ascii="&.........d.\r"
[2026-06-24 06:59:49.971] MACHINE_TO_DONGLE DEC_BYTE raw4=FB FB DB DB -> 0A ascii="\n"
[2026-06-24 06:59:49.972] MACHINE_TO_DONGLE DEC_LINE len=1 hex=0A ascii="\n"
[2026-06-24 06:59:51.826] MACHINE_TO_DONGLE DEC_BYTE raw4=FB DF FB DB -> 26 ascii="&"
[2026-06-24 06:59:51.826] MACHINE_TO_DONGLE DEC_BYTE raw4=FF DB FB DF -> 63 ascii="c"
[2026-06-24 06:59:51.846] MACHINE_TO_DONGLE DEC_BYTE raw4=DF FB FF DF -> 79 ascii="y"
[2026-06-24 06:59:51.908] MACHINE_TO_DONGLE DEC_BYTE raw4=DF DB FB DB -> 21 ascii="!"
[2026-06-24 06:59:51.908] MACHINE_TO_DONGLE DEC_BYTE raw4=DF DF DF DF -> 55 ascii="U"
[2026-06-24 06:59:51.949] MACHINE_TO_DONGLE DEC_BYTE raw4=FB FF DB DF -> 4E ascii="N"
[2026-06-24 06:59:51.970] MACHINE_TO_DONGLE DEC_BYTE raw4=DF FF DB DB -> 0D ascii="\r"
[2026-06-24 06:59:51.970] MACHINE_TO_DONGLE DEC_LINE len=13 hex=26 63 F8 79 90 90 F9 21 55 FC 14 4E 0D ascii="&c.y...!U..N\r"
[2026-06-24 06:59:51.970] MACHINE_TO_DONGLE DEC_BYTE raw4=FB FB DB DB -> 0A ascii="\n"
[2026-06-24 06:59:51.971] MACHINE_TO_DONGLE DEC_LINE len=1 hex=0A ascii="\n"
[2026-06-24 06:59:53.824] MACHINE_TO_DONGLE DEC_BYTE raw4=FB DF FB DB -> 26 ascii="&"
[2026-06-24 06:59:53.845] MACHINE_TO_DONGLE DEC_BYTE raw4=FF DF FB DB -> 27 ascii="'"
[2026-06-24 06:59:53.865] MACHINE_TO_DONGLE DEC_BYTE raw4=FB DB DB DF -> 42 ascii="B"
[2026-06-24 06:59:53.866] MACHINE_TO_DONGLE DEC_BYTE raw4=DF DB FF DB -> 31 ascii="1"
[2026-06-24 06:59:53.887] MACHINE_TO_DONGLE DEC_BYTE raw4=DF DF FB DB -> 25 ascii="%"
[2026-06-24 06:59:53.888] MACHINE_TO_DONGLE DEC_BYTE raw4=DB DF FB DF -> 64 ascii="d"
[2026-06-24 06:59:53.928] MACHINE_TO_DONGLE DEC_BYTE raw4=FF FF FB DF -> 6F ascii="o"
[2026-06-24 06:59:53.949] MACHINE_TO_DONGLE DEC_BYTE raw4=DB DF FB DF -> 64 ascii="d"
[2026-06-24 06:59:53.949] MACHINE_TO_DONGLE DEC_BYTE raw4=FF FB DF DF -> 5B ascii="["
[2026-06-24 06:59:53.970] MACHINE_TO_DONGLE DEC_BYTE raw4=DF FF DB DB -> 0D ascii="\r"
[2026-06-24 06:59:53.970] MACHINE_TO_DONGLE DEC_LINE len=13 hex=26 B6 27 42 31 25 64 F7 99 6F 64 5B 0D ascii="&.'B1%d..od[\r"
[2026-06-24 06:59:53.971] MACHINE_TO_DONGLE DEC_BYTE raw4=FB FB DB DB -> 0A ascii="\n"
[2026-06-24 06:59:53.971] MACHINE_TO_DONGLE DEC_LINE len=1 hex=0A ascii="\n"
[2026-06-24 06:59:55.824] MACHINE_TO_DONGLE DEC_BYTE raw4=FB DF FB DB -> 26 ascii="&"
[2026-06-24 06:59:55.844] MACHINE_TO_DONGLE DEC_BYTE raw4=FB FF DF DF -> 5E ascii="^"
[2026-06-24 06:59:55.845] MACHINE_TO_DONGLE DEC_BYTE raw4=FF DF FF DB -> 37 ascii="7"
[2026-06-24 06:59:55.865] MACHINE_TO_DONGLE DEC_BYTE raw4=DB FF FF DF -> 7C ascii="|"
[2026-06-24 06:59:55.947] MACHINE_TO_DONGLE DEC_BYTE raw4=DF FB FB DB -> 29 ascii=")"
[2026-06-24 06:59:55.947] MACHINE_TO_DONGLE DEC_BYTE raw4=DB FF DF DF -> 5C ascii="\"
[2026-06-24 06:59:55.967] MACHINE_TO_DONGLE DEC_BYTE raw4=DF FF DB DB -> 0D ascii="\r"
[2026-06-24 06:59:55.968] MACHINE_TO_DONGLE DEC_LINE len=13 hex=26 5E 37 7C DC A6 E4 84 A3 F1 29 5C 0D ascii="&^7|......)\\r"
[2026-06-24 06:59:55.989] MACHINE_TO_DONGLE DEC_BYTE raw4=FB FB DB DB -> 0A ascii="\n"
[2026-06-24 06:59:55.990] MACHINE_TO_DONGLE DEC_LINE len=1 hex=0A ascii="\n"
[2026-06-24 06:59:57.824] MACHINE_TO_DONGLE DEC_BYTE raw4=FB DF FB DB -> 26 ascii="&"
[2026-06-24 06:59:57.886] MACHINE_TO_DONGLE DEC_BYTE raw4=DB FB FF DB -> 38 ascii="8"
[2026-06-24 06:59:57.906] MACHINE_TO_DONGLE DEC_BYTE raw4=DF DB DB DF -> 41 ascii="A"
[2026-06-24 06:59:57.907] MACHINE_TO_DONGLE DEC_BYTE raw4=FF FB FF DB -> 3B ascii=";"
[2026-06-24 06:59:57.927] MACHINE_TO_DONGLE DEC_BYTE raw4=DF DF FF DF -> 75 ascii="u"
[2026-06-24 06:59:57.969] MACHINE_TO_DONGLE DEC_BYTE raw4=DF FF DB DB -> 0D ascii="\r"
[2026-06-24 06:59:57.969] MACHINE_TO_DONGLE DEC_LINE len=13 hex=26 C6 87 C7 38 97 41 3B 75 F9 F9 86 0D ascii="&...8.A;u...\r"
[2026-06-24 06:59:57.990] MACHINE_TO_DONGLE DEC_BYTE raw4=FB FB DB DB -> 0A ascii="\n"
[2026-06-24 06:59:57.991] MACHINE_TO_DONGLE DEC_LINE len=1 hex=0A ascii="\n"
[2026-06-24 06:59:59.180] MACHINE_TO_DONGLE DEC_BYTE raw4=FB DF FB DB -> 26 ascii="&"
[2026-06-24 06:59:59.201] MACHINE_TO_DONGLE DEC_BYTE raw4=FF DF FB DB -> 27 ascii="'"
[2026-06-24 06:59:59.262] MACHINE_TO_DONGLE DEC_BYTE raw4=DF FF DB DB -> 0D ascii="\r"
[2026-06-24 06:59:59.263] MACHINE_TO_DONGLE DEC_LINE len=8 hex=26 A1 27 12 E7 B6 AF 0D ascii="&.'....\r"
[2026-06-24 06:59:59.283] MACHINE_TO_DONGLE DEC_BYTE raw4=FB FB DB DB -> 0A ascii="\n"
[2026-06-24 06:59:59.284] MACHINE_TO_DONGLE DEC_LINE len=1 hex=0A ascii="\n"
[2026-06-24 06:59:59.384] MACHINE_TO_DONGLE DEC_BYTE raw4=FB DF FB DB -> 26 ascii="&"
[2026-06-24 06:59:59.405] MACHINE_TO_DONGLE DEC_BYTE raw4=DB FF FB DF -> 6C ascii="l"
[2026-06-24 06:59:59.466] MACHINE_TO_DONGLE DEC_BYTE raw4=FB DB DF DF -> 52 ascii="R"
[2026-06-24 06:59:59.487] MACHINE_TO_DONGLE DEC_BYTE raw4=DF DB FB DF -> 61 ascii="a"
[2026-06-24 06:59:59.528] MACHINE_TO_DONGLE DEC_BYTE raw4=FB FF DF DF -> 5E ascii="^"
[2026-06-24 06:59:59.589] MACHINE_TO_DONGLE DEC_BYTE raw4=DF DF DF DF -> 55 ascii="U"
[2026-06-24 06:59:59.610] MACHINE_TO_DONGLE DEC_BYTE raw4=DF DF DF DF -> 55 ascii="U"
[2026-06-24 06:59:59.630] MACHINE_TO_DONGLE DEC_BYTE raw4=DF FF DB DB -> 0D ascii="\r"
[2026-06-24 06:59:59.631] MACHINE_TO_DONGLE DEC_LINE len=21 hex=26 94 6C 16 BE B9 14 52 61 E0 FE 04 5E C5 D2 F2 E9 55 55 1E 0D ascii="&.l....Ra...^....UU.\r"
[2026-06-24 06:59:59.631] MACHINE_TO_DONGLE DEC_BYTE raw4=FB FB DB DB -> 0A ascii="\n"
[2026-06-24 06:59:59.632] MACHINE_TO_DONGLE DEC_LINE len=1 hex=0A ascii="\n"
[2026-06-24 07:00:01.384] MACHINE_TO_DONGLE DEC_BYTE raw4=FB DF FB DB -> 26 ascii="&"
[2026-06-24 07:00:01.424] MACHINE_TO_DONGLE DEC_BYTE raw4=DB FB FF DF -> 78 ascii="x"
[2026-06-24 07:00:01.465] MACHINE_TO_DONGLE DEC_BYTE raw4=DB DF DF DF -> 54 ascii="T"
[2026-06-24 07:00:01.506] MACHINE_TO_DONGLE DEC_BYTE raw4=FF FF DF DF -> 5F ascii="_"
[2026-06-24 07:00:01.526] MACHINE_TO_DONGLE DEC_BYTE raw4=FF FB FF DF -> 7B ascii="{"
[2026-06-24 07:00:01.547] MACHINE_TO_DONGLE DEC_BYTE raw4=FB FB DF DF -> 5A ascii="Z"
[2026-06-24 07:00:01.568] MACHINE_TO_DONGLE DEC_BYTE raw4=FF DF DB DF -> 47 ascii="G"
[2026-06-24 07:00:01.568] MACHINE_TO_DONGLE DEC_BYTE raw4=FB DB FF DF -> 72 ascii="r"
[2026-06-24 07:00:01.609] MACHINE_TO_DONGLE DEC_BYTE raw4=FB DB FB DB -> 22 ascii="""
[2026-06-24 07:00:01.630] MACHINE_TO_DONGLE DEC_BYTE raw4=DB DF DB DF -> 44 ascii="D"
[2026-06-24 07:00:01.630] MACHINE_TO_DONGLE DEC_BYTE raw4=DF FF DB DB -> 0D ascii="\r"
[2026-06-24 07:00:01.630] MACHINE_TO_DONGLE DEC_LINE len=21 hex=26 B0 0B 78 B4 08 D2 54 E6 5F EC 97 7B 5A 47 72 F1 ED 22 44 0D ascii="&..x...T._..{ZGr.."D\r"
[2026-06-24 07:00:01.651] MACHINE_TO_DONGLE DEC_BYTE raw4=FB FB DB DB -> 0A ascii="\n"
[2026-06-24 07:00:01.652] MACHINE_TO_DONGLE DEC_LINE len=1 hex=0A ascii="\n"
[2026-06-24 07:00:03.404] MACHINE_TO_DONGLE DEC_BYTE raw4=FB DF FB DB -> 26 ascii="&"
[2026-06-24 07:00:03.424] MACHINE_TO_DONGLE DEC_BYTE raw4=FF FB FB DF -> 6B ascii="k"
[2026-06-24 07:00:03.445] MACHINE_TO_DONGLE DEC_BYTE raw4=DB DF FB DB -> 24 ascii="$"
[2026-06-24 07:00:03.486] MACHINE_TO_DONGLE DEC_BYTE raw4=FF DB FF DF -> 73 ascii="s"
[2026-06-24 07:00:03.507] MACHINE_TO_DONGLE DEC_BYTE raw4=DF DB DB DF -> 41 ascii="A"
[2026-06-24 07:00:03.528] MACHINE_TO_DONGLE DEC_BYTE raw4=FB DB FF DF -> 72 ascii="r"
[2026-06-24 07:00:03.548] MACHINE_TO_DONGLE DEC_BYTE raw4=DB FB DF DF -> 58 ascii="X"
[2026-06-24 07:00:03.569] MACHINE_TO_DONGLE DEC_BYTE raw4=DB FB FF DF -> 78 ascii="x"
[2026-06-24 07:00:03.590] MACHINE_TO_DONGLE DEC_BYTE raw4=FB FF FB DF -> 6E ascii="n"
[2026-06-24 07:00:03.631] MACHINE_TO_DONGLE DEC_BYTE raw4=DF FF DB DB -> 0D ascii="\r"
[2026-06-24 07:00:03.631] MACHINE_TO_DONGLE DEC_LINE len=21 hex=26 8A 9B 6B 24 D1 C1 73 9B 41 06 72 A5 58 78 89 6E 15 A0 1C 0D ascii="&..k$..s.A.r.Xx.n...\r"
[2026-06-24 07:00:03.652] MACHINE_TO_DONGLE DEC_BYTE raw4=FB FB DB DB -> 0A ascii="\n"
[2026-06-24 07:00:03.652] MACHINE_TO_DONGLE DEC_LINE len=1 hex=0A ascii="\n"
[2026-06-24 07:00:05.405] MACHINE_TO_DONGLE DEC_BYTE raw4=FB DF FB DB -> 26 ascii="&"
[2026-06-24 07:00:05.426] MACHINE_TO_DONGLE DEC_BYTE raw4=DB FB FB DB -> 28 ascii="("
[2026-06-24 07:00:05.467] MACHINE_TO_DONGLE DEC_BYTE raw4=DB DF FB DB -> 24 ascii="$"
[2026-06-24 07:00:05.508] MACHINE_TO_DONGLE DEC_BYTE raw4=DB FB FF DF -> 78 ascii="x"
[2026-06-24 07:00:05.549] MACHINE_TO_DONGLE DEC_BYTE raw4=DB FF FB DF -> 6C ascii="l"
[2026-06-24 07:00:05.610] MACHINE_TO_DONGLE DEC_BYTE raw4=FB DB FB DB -> 22 ascii="""
[2026-06-24 07:00:05.631] MACHINE_TO_DONGLE DEC_BYTE raw4=FB DB FB DB -> 22 ascii="""
[2026-06-24 07:00:05.651] MACHINE_TO_DONGLE DEC_BYTE raw4=DF FF DB DB -> 0D ascii="\r"
[2026-06-24 07:00:05.652] MACHINE_TO_DONGLE DEC_LINE len=22 hex=26 17 28 F7 A9 24 1B 9B FF 78 12 19 BA 6C CB 92 E7 CD 22 A3 22 0D ascii="&.(..$...x...l...."."\r"
[2026-06-24 07:00:05.673] MACHINE_TO_DONGLE DEC_BYTE raw4=FB FB DB DB -> 0A ascii="\n"
[2026-06-24 07:00:05.673] MACHINE_TO_DONGLE DEC_LINE len=1 hex=0A ascii="\n"
[2026-06-24 07:00:07.405] MACHINE_TO_DONGLE DEC_BYTE raw4=FB DF FB DB -> 26 ascii="&"
[2026-06-24 07:00:07.467] MACHINE_TO_DONGLE DEC_BYTE raw4=DB DB FB DB -> 20 ascii=" "
[2026-06-24 07:00:07.467] MACHINE_TO_DONGLE DEC_BYTE raw4=DF DF DB DF -> 45 ascii="E"
[2026-06-24 07:00:07.529] MACHINE_TO_DONGLE DEC_BYTE raw4=FB DF DF DF -> 56 ascii="V"
[2026-06-24 07:00:07.550] MACHINE_TO_DONGLE DEC_BYTE raw4=FB DB DB DF -> 42 ascii="B"
[2026-06-24 07:00:07.591] MACHINE_TO_DONGLE DEC_BYTE raw4=DB DF DF DF -> 54 ascii="T"
[2026-06-24 07:00:07.632] MACHINE_TO_DONGLE DEC_BYTE raw4=FB DB FF DF -> 72 ascii="r"
[2026-06-24 07:00:07.652] MACHINE_TO_DONGLE DEC_BYTE raw4=DF FF DB DB -> 0D ascii="\r"
[2026-06-24 07:00:07.653] MACHINE_TO_DONGLE DEC_LINE len=21 hex=26 9F E8 B5 FB 20 45 1A A8 C6 56 BB 42 FF 0B D8 54 E6 C0 72 0D ascii="&.... E...V.B...T..r\r"
[2026-06-24 07:00:07.653] MACHINE_TO_DONGLE DEC_BYTE raw4=FB FB DB DB -> 0A ascii="\n"
[2026-06-24 07:00:07.653] MACHINE_TO_DONGLE DEC_LINE len=1 hex=0A ascii="\n"
[2026-06-24 07:00:09.408] MACHINE_TO_DONGLE DEC_BYTE raw4=FB DF FB DB -> 26 ascii="&"
[2026-06-24 07:00:09.429] MACHINE_TO_DONGLE DEC_BYTE raw4=DB FF DF DF -> 5C ascii="\"
[2026-06-24 07:00:09.470] MACHINE_TO_DONGLE DEC_BYTE raw4=DB FB FF DF -> 78 ascii="x"
[2026-06-24 07:00:09.571] MACHINE_TO_DONGLE DEC_BYTE raw4=FF DB DF DF -> 53 ascii="S"
[2026-06-24 07:00:09.572] MACHINE_TO_DONGLE DEC_BYTE raw4=FF FF FB DB -> 2F ascii="/"
[2026-06-24 07:00:09.593] MACHINE_TO_DONGLE DEC_BYTE raw4=DB DF DF DF -> 54 ascii="T"
[2026-06-24 07:00:09.613] MACHINE_TO_DONGLE DEC_BYTE raw4=DF FB FF DF -> 79 ascii="y"
[2026-06-24 07:00:09.634] MACHINE_TO_DONGLE DEC_BYTE raw4=DB DF DF DF -> 54 ascii="T"
[2026-06-24 07:00:09.634] MACHINE_TO_DONGLE DEC_BYTE raw4=FF DB FF DB -> 33 ascii="3"
[2026-06-24 07:00:09.655] MACHINE_TO_DONGLE DEC_BYTE raw4=DF FF DB DB -> 0D ascii="\r"
[2026-06-24 07:00:09.655] MACHINE_TO_DONGLE DEC_LINE len=21 hex=26 5C BB 1F 14 78 D2 83 DB BA 9D 94 E3 53 2F EB 54 79 54 33 0D ascii="&\...x.......S/.TyT3\r"
[2026-06-24 07:00:09.656] MACHINE_TO_DONGLE DEC_BYTE raw4=FB FB DB DB -> 0A ascii="\n"
[2026-06-24 07:00:09.656] MACHINE_TO_DONGLE DEC_LINE len=1 hex=0A ascii="\n"
--- stop 2026-06-24 07:00:10.525 ---
